Company Name,ISIN,Industry,Total score (max. 20),1,1a,2,2a,2b,3,3a,3b,4,4a,4b,5,5a,5b,6,6a,6b,7,7a,8,8a,9,9a,9b,9c,9d,10,10a,10b,10c,11,11a,11b,11c,12,12a,12b,13,13a,13b,13c,13d,14,14a,14b,14c,14d,15,15a,15b,16,16a,16b,16c,17,17a,17b,17c,17d,18,18a,18b,18c,18d
Abu Dhabi National Oil Company (ADNOC),0,Oil and Gas,4,0,Not Met,0,Not Met,Not Met,0,Not Met,Not Met,0,Not Met,Not Met,0,Not Met,Not Met,0,Not Met,Not Met,1,Met,1,Met,0.5,Met,Not Met,Met,Not Met,0,Not Met,Not Met,Not Met,0,Not Met,Not Met,Not Met,0,Not Met,Not Met,0.5,Not Met,Met,Not Met,Not Met,0,Not Met,Not Met,Not Met,Not Met,0.5,Met,Not Met,0,Not Met,Not Met,Not Met,0.5,Met,Not Met,Met,Met,0,Not Met,Not Met,Not Met,Not Met
AES Corporation,US00130H1059,Electric Utilities,4.5,1,Met,0,Not Met,Not Met,0,Not Met,Not Met,0,Not Met,Not Met,0,Not Met,Not Met,0,Not Met,Not Met,0,Not Met,0,Not Met,0.5,Met,Not Met,Met,Met,0,Not Met,Not Met,Not Met,0,Not Met,Not Met,Not Met,0.5,Met,Not Met,0.5,Not Met,Met,Not Met,Not Met,0.5,Not Met,Met,Met,Not Met,0.5,Met,Not Met,0,Not Met,Not Met,Not Met,0.5,Met,Not Met,Met,Met,0.5,Met,Not Met,Not Met,Met
AGL Energy,AU000000AGL7,Electric Utilities,8.5,1,Met,1,Met,Met,0,Not Met,Not Met,0,Not Met,Not Met,0,Not Met,Not Met,0,Not Met,Not Met,1,Met,1,Met,0.5,Met,Not Met,Met,Met,0,Not Met,Not Met,Not Met,0,Not Met,Not Met,Not Met,0.5,Met,Not Met,0.5,Met,Met,Not Met,Not Met,0.5,Met,Met,Met,Not Met,0.5,Met,Not Met,1,Met,Met,Met,0.5,Met,Not Met,Met,Met,0.5,Not Met,Met,Not Met,Not Met
American Electric Power (AEP),US0255371017,Electric Utilities,5.5,0,Not Met,0,Not Met,Not Met,0,Not Met,Not Met,0,Not Met,Not Met,0,Not Met,Not Met,0,Not Met,Not Met,1,Met,1,Met,0.5,Met,Not Met,Met,Met,0,Not Met,Not Met,Not Met,0,Not Met,Not Met,Not Met,0,Not Met,Not Met,0.5,Not Met,Met,Met,Not Met,0.5,Met,Not Met,Met,Met,0.5,Met,Not Met,0.5,Not Met,Not Met,Met,0.5,Met,Not Met,Met,Met,0.5,Met,Not Met,Met,Met
Ampol Limited,AU0000088338,Oil and Gas,6.5,1,Met,0.5,Met,Not Met,0,Not Met,Not Met,0,Not Met,Not Met,0,Not Met,Not Met,0.5,Met,Not Met,1,Met,1,Met,0.5,Met,Not Met,Met,Met,0,Not Met,Not Met,Not Met,0,Not Met,Not Met,Not Met,0,Not Met,Not Met,0.5,Not Met,Met,Not Met,Not Met,0.5,Not Met,Met,Met,Not Met,0,Not Met,Not Met,0.5,Met,Met,Not Met,0.5,Met,Not Met,Met,Met,0,Not Met,Not Met,Not Met,Not Met
Anhui Jianghuai Automobile Group,CNE0000018M9,Automotive,0,0,Not Met,0,Not Met,Not Met,0,Not Met,Not Met,0,Not Met,Not Met,0,Not Met,Not Met,0,Not Met,Not Met,0,Not Met,0,Not Met,0,Not Met,Not Met,Not Met,Not Met,0,Not Met,Not Met,Not Met,0,Not Met,Not Met,Not Met,0,Not Met,Not Met,0,Not Met,Not Met,Not Met,Not Met,0,Not Met,Not Met,Not Met,Not Met,0,Not Met,Not Met,0,Not Met,Not Met,Not Met,0,Not Met,Not Met,Not Met,Not Met,0,Not Met,Not Met,Not Met,Not Met
Apache Corporation,US0374111054,Oil and Gas,6,1,Met,0,Not Met,Not Met,0,Not Met,Not Met,0,Not Met,Not Met,0,Not Met,Not Met,0.5,Met,Not Met,1,Met,1,Met,0.5,Met,Not Met,Not Met,Not Met,0,Not Met,Not Met,Not Met,0,Not Met,Not Met,Not Met,0,Not Met,Not Met,0.5,Not Met,Met,Not Met,Not Met,0.5,Not Met,Not Met,Met,Not Met,0,Not Met,Not Met,0,Not Met,Not Met,Not Met,0.5,Met,Not Met,Not Met,Met,0.5,Met,Not Met,Not Met,Not Met
Basra Oil Company (BOC),0,Oil and Gas,0,0,Not Met,0,Not Met,Not Met,0,Not Met,Not Met,0,Not Met,Not Met,0,Not Met,Not Met,0,Not Met,Not Met,0,Not Met,0,Not Met,0,Not Met,Not Met,Not Met,Not Met,0,Not Met,Not Met,Not Met,0,Not Met,Not Met,Not Met,0,Not Met,Not Met,0,Not Met,Not Met,Not Met,Not Met,0,Not Met,Not Met,Not Met,Not Met,0,Not Met,Not Met,0,Not Met,Not Met,Not Met,0,Not Met,Not Met,Not Met,Not Met,0,Not Met,Not Met,Not Met,Not Met
Beijing Automotive Group (BAIC),CNE100001TJ4,Automotive,2,0,Not Met,0,Not Met,Not Met,0,Not Met,Not Met,0,Not Met,Not Met,0,Not Met,Not Met,0,Not Met,Not Met,0,Not Met,0,Not Met,0.5,Met,Not Met,Not Met,Not Met,0,Not Met,Not Met,Not Met,0.5,Met,Not Met,Not Met,0,Not Met,Not Met,0.5,Not Met,Met,Not Met,Not Met,0,Not Met,Not Met,Not Met,Not Met,0,Not Met,Not Met,0,Not Met,Not Met,Met,0.5,Met,Not Met,Not Met,Not Met,0,Not Met,Not Met,Not Met,Not Met
Bharat Petroleum Corporation,INE029A01011,Oil and Gas,4,0,Not Met,0,Not Met,Not Met,0,Not Met,Not Met,0,Not Met,Not Met,0,Not Met,Not Met,0,Not Met,Not Met,1,Met,1,Met,0.5,Met,Not Met,Not Met,Not Met,0,Not Met,Not Met,Not Met,0,Not Met,Not Met,Not Met,0.5,Met,Not Met,0.5,Met,Met,Not Met,Not Met,0,Not Met,Not Met,Not Met,Not Met,0,Not Met,Not Met,0,Not Met,Not Met,Not Met,0.5,Met,Not Met,Met,Met,0,Not Met,Not Met,Not Met,Not Met
BHP Group,AU000000BHP4,Oil and Gas,13.5,1,Met,0.5,Met,Not Met,1,Met,Met,2,Met,Not Met,0,Not Met,Not Met,1,Met,Met,1,Met,1,Met,1,Met,Met,Met,Met,0.5,Not Met,Not Met,Met,0,Not Met,Not Met,Not Met,0.5,Met,Not Met,0.5,Met,Met,Not Met,Not Met,0.5,Met,Not Met,Met,Met,0.5,Met,Not Met,1,Met,Met,Met,1,Met,Met,Met,Met,0.5,Met,Met,Not Met,Not Met
BMW,DE0005190003,Automotive,8.5,1,Met,1,Met,Met,0.5,Met,Not Met,0,Not Met,Not Met,0,Not Met,Not Met,0.5,Met,Not Met,1,Met,1,Met,0.5,Met,Not Met,Met,Met,0,Not Met,Not Met,Not Met,0,Not Met,Not Met,Not Met,0.5,Met,Not Met,0.5,Met,Met,Not Met,Not Met,0.5,Met,Met,Met,Not Met,0.5,Met,Not Met,0.5,Met,Met,Not Met,0.5,Met,Met,Met,Not Met,0,Not Met,Not Met,Not Met,Not Met
BP,GB0007980591,Oil and Gas,13,1,Met,0.5,Met,Not Met,1,Met,Met,2,Met,Not Met,2,Met,Not Met,0.5,Met,Not Met,1,Met,1,Met,0.5,Met,Not Met,Met,Not Met,0,Not Met,Not Met,Not Met,0,Not Met,Not Met,Not Met,0,Not Met,Not Met,0.5,Not Met,Met,Met,Not Met,0.5,Not Met,Met,Met,Not Met,0,Not Met,Not Met,1,Met,Met,Met,1,Met,Met,Met,Met,0.5,Met,Met,Met,Not Met
BYD,CNE100001526,Automotive,1.5,0,Not Met,0,Not Met,Not Met,0,Not Met,Not Met,0,Not Met,Not Met,0,Not Met,Not Met,0,Not Met,Not Met,0,Not Met,0,Not Met,0.5,Not Met,Not Met,Not Met,Met,0,Not Met,Not Met,Not Met,0,Not Met,Not Met,Not Met,0,Not Met,Not Met,0.5,Met,Met,Not Met,Not Met,0,Not Met,Not Met,Not Met,Not Met,0,Not Met,Not Met,0,Not Met,Not Met,Not Met,0.5,Not Met,Not Met,Not Met,Met,0,Not Met,Not Met,Not Met,Not Met
California Resources Corporation,US13057Q3056,Oil and Gas,3,0,Not Met,0,Not Met,Not Met,0,Not Met,Not Met,0,Not Met,Not Met,0,Not Met,Not Met,0,Not Met,Not Met,0,Not Met,0,Not Met,0.5,Met,Not Met,Met,Met,0,Not Met,Not Met,Not Met,0,Not Met,Not Met,Not Met,0.5,Met,Not Met,0.5,Not Met,Met,Not Met,Not Met,0,Not Met,Not Met,Not Met,Not Met,0,Not Met,Not Met,0.5,Not Met,Not Met,Met,0.5,Met,Not Met,Not Met,Not Met,0.5,Met,Not Met,Not Met,Met
Canadian Natural Resources,CA1363851017,Oil and Gas,6,1,Met,1,Met,Met,0,Not Met,Not Met,0,Not Met,Not Met,0,Not Met,Not Met,0,Not Met,Not Met,1,Met,1,Met,0.5,Met,Not Met,Not Met,Met,0,Not Met,Not Met,Not Met,0,Not Met,Not Met,Not Met,0,Not Met,Not Met,0,Not Met,Not Met,Not Met,Not Met,0.5,Not Met,Met,Met,Not Met,0,Not Met,Not Met,0,Not Met,Not Met,Not Met,0.5,Not Met,Not Met,Met,Met,0.5,Met,Met,Not Met,Not Met
Cenovus Energy,CA15135U1093,Oil and Gas,6.5,1,Met,0,Not Met,Not Met,0,Not Met,Not Met,0,Not Met,Not Met,0,Not Met,Not Met,0,Not Met,Not Met,1,Met,1,Met,0.5,Met,Not Met,Met,Met,0,Not Met,Not Met,Not Met,0,Not Met,Not Met,Not Met,0.5,Met,Not Met,0.5,Not Met,Met,Not Met,Not Met,0,Not Met,Not Met,Not Met,Not Met,1,Met,Met,0,Not Met,Not Met,Not Met,0.5,Met,Not Met,Met,Met,0.5,Met,Met,Met,Not Met
CEZ Group,CZ0005112300,Electric Utilities,8.5,1,Met,1,Met,Met,0,Not Met,Not Met,0,Not Met,Not Met,0,Not Met,Not Met,0,Not Met,Not Met,1,Met,1,Met,0.5,Met,Not Met,Met,Met,0,Not Met,Not Met,Not Met,0.5,Met,Not Met,Met,0.5,Met,Not Met,0.5,Not Met,Met,Not Met,Not Met,0.5,Not Met,Met,Not Met,Not Met,0.5,Met,Not Met,0,Not Met,Not Met,Not Met,1,Met,Met,Met,Met,0.5,Met,Met,Not Met,Not Met
Changan Automobile,CNE000000R36,Automotive,0,0,Not Met,0,Not Met,Not Met,0,Not Met,Not Met,0,Not Met,Not Met,0,Not Met,Not Met,0,Not Met,Not Met,0,Not Met,0,Not Met,0,Not Met,Not Met,Not Met,Not Met,0,Not Met,Not Met,Not Met,0,Not Met,Not Met,Not Met,0,Not Met,Not Met,0,Not Met,Not Met,Not Met,Not Met,0,Not Met,Not Met,Not Met,Not Met,0,Not Met,Not Met,0,Not Met,Not Met,Not Met,0,Not Met,Not Met,Not Met,Not Met,0,Not Met,Not Met,Not Met,Not Met
Chesapeake Energy Corp,US1651677437,Oil and Gas,5.5,1,Met,0,Not Met,Not Met,0,Not Met,Not Met,0,Not Met,Not Met,0,Not Met,Not Met,0,Not Met,Not Met,1,Met,1,Met,0.5,Met,Not Met,Met,Met,0,Not Met,Not Met,Not Met,0,Not Met,Not Met,Not Met,0,Not Met,Not Met,0.5,Not Met,Met,Not Met,Not Met,0,Not Met,Not Met,Not Met,Not Met,0,Not Met,Not Met,0.5,Not Met,Not Met,Met,0.5,Met,Not Met,Met,Met,0.5,Met,Not Met,Met,Not Met
Chevron Corporation,US1667641005,Oil and Gas,9,1,Met,1,Met,Met,0.5,Met,Not Met,0,Not Met,Not Met,0,Not Met,Not Met,1,Met,Met,1,Met,1,Met,0.5,Met,Not Met,Met,Met,0,Not Met,Not Met,Not Met,0,Not Met,Not Met,Not Met,0,Not Met,Not Met,0.5,Not Met,Met,Met,Not Met,0.5,Met,Not Met,Met,Not Met,0.5,Met,Not Met,0.5,Met,Met,Not Met,0.5,Met,Not Met,Met,Met,0.5,Met,Not Met,Not Met,Not Met
China Datang Corp,0,Electric Utilities,0,0,Not Met,0,Not Met,Not Met,0,Not Met,Not Met,0,Not Met,Not Met,0,Not Met,Not Met,0,Not Met,Not Met,0,Not Met,0,Not Met,0,Not Met,Not Met,Not Met,Not Met,0,Not Met,Not Met,Not Met,0,Not Met,Not Met,Not Met,0,Not Met,Not Met,0,Not Met,Not Met,Not Met,Not Met,0,Not Met,Not Met,Not Met,Not Met,0,Not Met,Not Met,0,Not Met,Not Met,Not Met,0,Not Met,Not Met,Not Met,Not Met,0,Not Met,Not Met,Not Met,Not Met
China Energy Investment Group (CHN Energy),CA92143B1004,Electric Utilities,0,0,Not Met,0,Not Met,Not Met,0,Not Met,Not Met,0,Not Met,Not Met,0,Not Met,Not Met,0,Not Met,Not Met,0,Not Met,0,Not Met,0,Not Met,Not Met,Not Met,Not Met,0,Not Met,Not Met,Not Met,0,Not Met,Not Met,Not Met,0,Not Met,Not Met,0,Not Met,Not Met,Not Met,Not Met,0,Not Met,Not Met,Not Met,Not Met,0,Not Met,Not Met,0,Not Met,Not Met,Not Met,0,Not Met,Not Met,Not Met,Not Met,0,Not Met,Not Met,Not Met,Not Met
China FAW Group (FAW Car Company),0,Automotive,0,0,Not Met,0,Not Met,Not Met,0,Not Met,Not Met,0,Not Met,Not Met,0,Not Met,Not Met,0,Not Met,Not Met,0,Not Met,0,Not Met,0,Not Met,Not Met,Not Met,Not Met,0,Not Met,Not Met,Not Met,0,Not Met,Not Met,Not Met,0,Not Met,Not Met,0,Not Met,Not Met,Not Met,Not Met,0,Not Met,Not Met,Not Met,Not Met,0,Not Met,Not Met,0,Not Met,Not Met,Not Met,0,Not Met,Not Met,Not Met,Not Met,0,Not Met,Not Met,Not Met,Not Met
China Huadian Corporation,CNE000001LJ2,Electric Utilities,0,0,Not Met,0,Not Met,Not Met,0,Not Met,Not Met,0,Not Met,Not Met,0,Not Met,Not Met,0,Not Met,Not Met,0,Not Met,0,Not Met,0,Not Met,Not Met,Not Met,Not Met,0,Not Met,Not Met,Not Met,0,Not Met,Not Met,Not Met,0,Not Met,Not Met,0,Not Met,Not Met,Not Met,Not Met,0,Not Met,Not Met,Not Met,Not Met,0,Not Met,Not Met,0,Not Met,Not Met,Not Met,0,Not Met,Not Met,Not Met,Not Met,0,Not Met,Not Met,Not Met,Not Met
China Huaneng Group,KYG2116D1198,Electric Utilities,1,0,Not Met,0,Not Met,Not Met,0,Not Met,Not Met,0,Not Met,Not Met,0,Not Met,Not Met,0,Not Met,Not Met,0,Not Met,0,Not Met,0,Not Met,Not Met,Not Met,Not Met,0,Not Met,Not Met,Not Met,0,Not Met,Not Met,Not Met,0.5,Met,Not Met,0.5,Not Met,Met,Not Met,Not Met,0,Not Met,Not Met,Not Met,Not Met,0,Not Met,Not Met,0,Not Met,Not Met,Not Met,0,Not Met,Not Met,Not Met,Not Met,0,Not Met,Not Met,Not Met,Not Met
China National Offshore Oil Corporation (CNOOC Group),0,Oil and Gas,4.5,1,Met,0,Not Met,Not Met,0,Not Met,Not Met,0,Not Met,Not Met,0,Not Met,Not Met,0,Not Met,Not Met,1,Met,1,Met,0.5,Met,Not Met,Not Met,Met,0,Not Met,Not Met,Not Met,0,Not Met,Not Met,Not Met,0,Not Met,Not Met,0.5,Met,Met,Not Met,Not Met,0,Not Met,Not Met,Not Met,Not Met,0,Not Met,Not Met,0,Not Met,Not Met,Not Met,0.5,Met,Not Met,Not Met,Met,0,Not Met,Not Met,Not Met,Not Met
China National Petroleum Corporation (CNPC),0,Oil and Gas,2.5,0,Not Met,0,Not Met,Not Met,0,Not Met,Not Met,0,Not Met,Not Met,0,Not Met,Not Met,0,Not Met,Not Met,0,Not Met,0,Not Met,0.5,Met,Not Met,Met,Met,0,Not Met,Not Met,Not Met,0,Not Met,Not Met,Not Met,0.5,Met,Not Met,0.5,Not Met,Met,Not Met,Not Met,0,Not Met,Not Met,Not Met,Not Met,0,Not Met,Not Met,0.5,Met,Not Met,Not Met,0.5,Met,Not Met,Met,Not Met,0,Not Met,Not Met,Not Met,Not Met
China Petroleum and Chemical Corporation Limited (Sinopec),CNE0000018G1,Oil and Gas,0.5,0,Not Met,0,Not Met,Not Met,0,Not Met,Not Met,0,Not Met,Not Met,0,Not Met,Not Met,0,Not Met,Not Met,0,Not Met,0,Not Met,0.5,Met,Not Met,Not Met,Not Met,0,Not Met,Not Met,Not Met,0,Not Met,Not Met,Not Met,0,Not Met,Not Met,0,Not Met,Not Met,Not Met,Not Met,0,Not Met,Not Met,Not Met,Not Met,0,Not Met,Not Met,0,Not Met,Not Met,Not Met,0,Not Met,Not Met,Not Met,Not Met,0,Not Met,Not Met,Not Met,Not Met
China Three Gorges,CNE000001G87,Electric Utilities,0,0,Not Met,0,Not Met,Not Met,0,Not Met,Not Met,0,Not Met,Not Met,0,Not Met,Not Met,0,Not Met,Not Met,0,Not Met,0,Not Met,0,Not Met,Not Met,Not Met,Not Met,0,Not Met,Not Met,Not Met,0,Not Met,Not Met,Not Met,0,Not Met,Not Met,0,Not Met,Not Met,Not Met,Not Met,0,Not Met,Not Met,Not Met,Not Met,0,Not Met,Not Met,0,Not Met,Not Met,Not Met,0,Not Met,Not Met,Not Met,Not Met,0,Not Met,Not Met,Not Met,Not Met
Chubu Electric Power,JP3526600006,Electric Utilities,3,1,Met,0.5,Met,Not Met,0,Not Met,Not Met,0,Not Met,Not Met,0,Not Met,Not Met,0,Not Met,Not Met,0,Not Met,0,Not Met,0.5,Met,Not Met,Met,Not Met,0,Not Met,Not Met,Not Met,0,Not Met,Not Met,Not Met,0,Not Met,Not Met,0,Not Met,Not Met,Not Met,Not Met,0.5,Met,Met,Not Met,Not Met,0,Not Met,Not Met,0,Not Met,Not Met,Not Met,0.5,Met,Met,Not Met,Not Met,0,Not Met,Not Met,Not Met,Not Met
Chugoku Electric Power Company,JP3522200009,Electric Utilities,2.5,1,Met,0,Not Met,Not Met,0,Not Met,Not Met,0,Not Met,Not Met,0,Not Met,Not Met,0,Not Met,Not Met,0,Not Met,0,Not Met,0.5,Met,Not Met,Met,Not Met,0,Not Met,Not Met,Not Met,0,Not Met,Not Met,Not Met,0,Not Met,Not Met,0.5,Not Met,Met,Not Met,Not Met,0.5,Met,Met,Not Met,Not Met,0,Not Met,Not Met,0,Not Met,Not Met,Not Met,0,Not Met,Not Met,Not Met,Not Met,0,Not Met,Not Met,Not Met,Not Met
CLP Holdings,HK0002007356,Electric Utilities,8.5,1,Met,0,Not Met,Not Met,1,Met,Met,0,Not Met,Not Met,0,Not Met,Not Met,0,Not Met,Not Met,1,Met,1,Met,0.5,Met,Not Met,Met,Met,0,Not Met,Not Met,Not Met,0.5,Not Met,Met,Not Met,0,Not Met,Not Met,0.5,Met,Met,Not Met,Met,0.5,Met,Met,Not Met,Not Met,1,Met,Met,0.5,Not Met,Not Met,Met,0.5,Met,Met,Not Met,Met,0.5,Not Met,Not Met,Met,Not Met
Comision Federal de Electricidad (CFE),0,Electric Utilities,0,0,Not Met,0,Not Met,Not Met,0,Not Met,Not Met,0,Not Met,Not Met,0,Not Met,Not Met,0,Not Met,Not Met,0,Not Met,0,Not Met,0,Not Met,Not Met,Not Met,Not Met,0,Not Met,Not Met,Not Met,0,Not Met,Not Met,Not Met,0,Not Met,Not Met,0,Not Met,Not Met,Not Met,Not Met,0,Not Met,Not Met,Not Met,Not Met,0,Not Met,Not Met,0,Not Met,Not Met,Not Met,0,Not Met,Not Met,Not Met,Not Met,0,Not Met,Not Met,Not Met,Not Met
Compania Espanola de Petroleos SAU (CEPSA),ES0132580319,Oil and Gas,9,1,Met,1,Met,Met,0,Not Met,Not Met,0,Not Met,Not Met,0,Not Met,Not Met,0.5,Met,Not Met,1,Met,1,Met,0.5,Met,Not Met,Met,Met,0,Not Met,Not Met,Not Met,0,Not Met,Not Met,Not Met,0.5,Met,Not Met,0.5,Met,Met,Not Met,Not Met,0.5,Not Met,Met,Not Met,Met,0.5,Met,Not Met,1,Met,Met,Met,0.5,Met,Not Met,Met,Met,0.5,Met,Met,Not Met,Met
ConocoPhillips,US20825C1045,Oil and Gas,9.5,1,Met,0,Not Met,Not Met,0.5,Met,Not Met,0,Not Met,Not Met,2,Met,Not Met,0.5,Not Met,Met,1,Met,1,Met,0.5,Met,Not Met,Met,Not Met,0,Not Met,Not Met,Not Met,0,Not Met,Not Met,Not Met,0,Not Met,Not Met,1,Met,Met,Met,Met,0,Not Met,Not Met,Not Met,Not Met,1,Met,Met,0.5,Met,Met,Not Met,0.5,Met,Not Met,Met,Met,0,Not Met,Not Met,Not Met,Not Met
Cosmo Energy Holdings,JP3298000005,Oil and Gas,6,1,Met,1,Met,Met,0,Not Met,Not Met,0,Not Met,Not Met,0,Not Met,Not Met,0,Not Met,Not Met,1,Met,0,Not Met,0.5,Met,Not Met,Met,Not Met,0,Not Met,Not Met,Not Met,0,Not Met,Not Met,Not Met,0,Not Met,Not Met,0.5,Not Met,Met,Not Met,Not Met,0.5,Met,Met,Not Met,Not Met,0.5,Met,Not Met,0,Not Met,Not Met,Not Met,0.5,Met,Not Met,Met,Not Met,0.5,Not Met,Met,Not Met,Not Met
"CPC Corporation, Taiwan",0,Oil and Gas,2,0,Not Met,0,Not Met,Not Met,0,Not Met,Not Met,0,Not Met,Not Met,0,Not Met,Not Met,0,Not Met,Not Met,0,Not Met,0,Not Met,0.5,Not Met,Not Met,Not Met,Met,0,Not Met,Not Met,Not Met,0,Not Met,Not Met,Not Met,0,Not Met,Not Met,0.5,Met,Met,Not Met,Not Met,0.5,Met,Not Met,Not Met,Not Met,0,Not Met,Not Met,0,Not Met,Not Met,Not Met,0.5,Not Met,Met,Not Met,Not Met,0,Not Met,Not Met,Not Met,Not Met
Daimler,DE0007100000,Automotive,11,1,Met,1,Met,Met,1,Met,Met,2,Met,Not Met,0,Not Met,Not Met,0.5,Met,Not Met,1,Met,1,Met,0.5,Met,Not Met,Met,Met,0,Not Met,Not Met,Not Met,0,Not Met,Not Met,Not Met,0,Not Met,Not Met,0.5,Met,Met,Not Met,Not Met,0.5,Met,Met,Met,Not Met,0.5,Met,Not Met,0.5,Met,Not Met,Not Met,1,Met,Met,Met,Met,0,Not Met,Not Met,Not Met,Not Met
Devon Energy Corp,US25179M1036,Oil and Gas,6,0,Not Met,0,Not Met,Not Met,0,Not Met,Not Met,0,Not Met,Not Met,0,Not Met,Not Met,0.5,Met,Not Met,1,Met,1,Met,0.5,Met,Not Met,Met,Met,0,Not Met,Not Met,Not Met,0,Not Met,Not Met,Not Met,0,Not Met,Not Met,0.5,Not Met,Met,Not Met,Not Met,0.5,Met,Not Met,Not Met,Not Met,0.5,Met,Not Met,0.5,Not Met,Not Met,Met,0.5,Met,Met,Not Met,Met,0.5,Not Met,Not Met,Met,Not Met
Dominion Energy,US25746U1097,Electric Utilities,5,0,Not Met,0,Not Met,Not Met,0,Not Met,Not Met,0,Not Met,Not Met,0,Not Met,Not Met,0,Not Met,Not Met,1,Met,1,Met,0.5,Met,Not Met,Met,Not Met,0,Not Met,Not Met,Not Met,0,Not Met,Not Met,Not Met,0.5,Met,Not Met,0.5,Not Met,Met,Not Met,Met,0,Not Met,Not Met,Not Met,Not Met,0,Not Met,Not Met,0.5,Not Met,Not Met,Met,0.5,Met,Not Met,Met,Met,0.5,Met,Not Met,Met,Not Met
Dongfeng Motor Group,CNE100000312,Automotive,0.5,0,Not Met,0,Not Met,Not Met,0,Not Met,Not Met,0,Not Met,Not Met,0,Not Met,Not Met,0,Not Met,Not Met,0,Not Met,0,Not Met,0,Not Met,Not Met,Not Met,Not Met,0,Not Met,Not Met,Not Met,0,Not Met,Not Met,Not Met,0,Not Met,Not Met,0.5,Met,Met,Not Met,Not Met,0,Not Met,Not Met,Not Met,Not Met,0,Not Met,Not Met,0,Not Met,Not Met,Not Met,0,Not Met,Not Met,Not Met,Not Met,0,Not Met,Not Met,Not Met,Not Met
Duke Energy,US26441C2044,Electric Utilities,7,1,Met,0,Not Met,Not Met,0,Not Met,Not Met,0,Not Met,Not Met,0,Not Met,Not Met,0,Not Met,Not Met,1,Met,1,Met,0.5,Met,Not Met,Met,Met,0,Not Met,Not Met,Not Met,0,Not Met,Not Met,Not Met,0.5,Met,Not Met,0.5,Met,Met,Met,Not Met,0.5,Not Met,Met,Met,Not Met,0.5,Met,Not Met,0.5,Not Met,Not Met,Met,0.5,Met,Not Met,Met,Met,0.5,Met,Not Met,Met,Not Met
E.ON,DE000ENAG999,Electric Utilities,8.5,1,Met,1,Met,Met,0,Not Met,Not Met,0,Not Met,Not Met,0,Not Met,Not Met,0,Not Met,Not Met,1,Met,1,Met,0.5,Met,Not Met,Met,Met,0,Not Met,Not Met,Not Met,0,Not Met,Not Met,Not Met,0.5,Met,Not Met,1,Met,Met,Met,Met,0.5,Met,Met,Met,Not Met,0.5,Met,Not Met,0.5,Not Met,Met,Not Met,0.5,Met,Not Met,Met,Met,0.5,Not Met,Met,Not Met,Not Met
Ecopetrol,COC04PA00016,Oil and Gas,14,1,Met,1,Met,Met,0.5,Met,Not Met,2,Not Met,Met,2,Partially Met,Met,0.5,Met,Not Met,1,Met,1,Met,0.5,Met,Not Met,Not Met,Not Met,0,Not Met,Not Met,Not Met,0,Not Met,Not Met,Not Met,0.5,Met,Not Met,0.5,Not Met,Met,Not Met,Not Met,0.5,Met,Met,Not Met,Met,1,Met,Met,0.5,Met,Met,Not Met,1,Met,Met,Met,Met,0.5,Met,Met,Met,Not Met
EDP Energias de Portugal,PTEDP0AM0009,Electric Utilities,11.5,1,Met,1,Met,Met,1,Met,Met,0,Not Met,Not Met,0,Not Met,Not Met,0.5,Met,Not Met,1,Met,1,Met,1,Met,Met,Met,Met,0,Not Met,Not Met,Not Met,0,Not Met,Not Met,Not Met,0.5,Met,Not Met,0.5,Met,Met,Not Met,Not Met,1,Met,Met,Met,Met,1,Met,Met,0.5,Met,Not Met,Not Met,1,Met,Met,Met,Met,0.5,Not Met,Met,Met,Not Met
Egyptian Electricity Holding Company (EEHC),0,Electric Utilities,0,0,Not Met,0,Not Met,Not Met,0,Not Met,Not Met,0,Not Met,Not Met,0,Not Met,Not Met,0,Not Met,Not Met,0,Not Met,0,Not Met,0,Not Met,Not Met,Not Met,Not Met,0,Not Met,Not Met,Not Met,0,Not Met,Not Met,Not Met,0,Not Met,Not Met,0,Not Met,Not Met,Not Met,Not Met,0,Not Met,Not Met,Not Met,Not Met,0,Not Met,Not Met,0,Not Met,Not Met,Not Met,0,Not Met,Not Met,Not Met,Not Met,0,Not Met,Not Met,Not Met,Not Met
Egyptian General Petroleum Corporation (EGPC),0,Oil and Gas,0,0,Not Met,0,Not Met,Not Met,0,Not Met,Not Met,0,Not Met,Not Met,0,Not Met,Not Met,0,Not Met,Not Met,0,Not Met,0,Not Met,0,Not Met,Not Met,Not Met,Not Met,0,Not Met,Not Met,Not Met,0,Not Met,Not Met,Not Met,0,Not Met,Not Met,0,Not Met,Not Met,Not Met,Not Met,0,Not Met,Not Met,Not Met,Not Met,0,Not Met,Not Met,0,Not Met,Not Met,Not Met,0,Not Met,Not Met,Not Met,Not Met,0,Not Met,Not Met,Not Met,Not Met
Électricité de France (EDF),FR0010242511,Electric Utilities,15.5,1,Met,1,Met,Met,1,Met,Met,2,Met,,2,Met,,0,Not Met,Not Met,1,Met,1,Met,0.5,Met,Not Met,Met,Met,0.5,Met,Not Met,Met,0.5,Met,Not Met,Met,1,Met,Met,0.5,Met,Met,Not Met,Not Met,0.5,Met,Met,Met,Not Met,0.5,Met,Not Met,1,Met,Met,Met,1,Met,Met,Met,Met,0.5,Met,Not Met,Met,Not Met
Electricity Generating Authority of Thailand,TH0863010003,Electric Utilities,2,0,Not Met,0,Not Met,Not Met,0,Not Met,Not Met,0,Not Met,Not Met,0,Not Met,Not Met,0,Not Met,Not Met,0,Not Met,0,Not Met,0.5,Met,Not Met,Not Met,Not Met,0,Not Met,Not Met,Not Met,0,Not Met,Not Met,Not Met,0.5,Met,Not Met,0.5,Not Met,Met,Not Met,Not Met,0,Not Met,Not Met,Not Met,Not Met,0,Not Met,Not Met,0,Not Met,Not Met,Not Met,0.5,Met,Met,Not Met,Not Met,0,Not Met,Not Met,Not Met,Not Met
Eletrobras,BRELETACNPB7,Electric Utilities,9.5,1,Met,1,Met,Met,0,Not Met,Not Met,0,Not Met,Not Met,0,Not Met,Not Met,0.5,Met,Not Met,1,Met,1,Met,0.5,Met,Not Met,Met,Met,0,Not Met,Not Met,Not Met,0,Not Met,Not Met,Not Met,0.5,Met,Not Met,1,Met,Met,Met,Met,0.5,Met,Met,Not Met,Not Met,1,Met,Met,0,Not Met,Not Met,Not Met,1,Met,Met,Met,Met,0.5,Not Met,Met,Not Met,Not Met
Emirates National Oil Company (ENOC),0,Oil and Gas,4,0,Not Met,0,Not Met,Not Met,0,Not Met,Not Met,0,Not Met,Not Met,0,Not Met,Not Met,0,Not Met,Not Met,1,Met,1,Met,0.5,Met,Not Met,Met,Met,0,Not Met,Not Met,Not Met,0,Not Met,Not Met,Not Met,0,Not Met,Not Met,0.5,Not Met,Met,Not Met,Not Met,0,Not Met,Not Met,Not Met,Not Met,0.5,Met,Not Met,0,Not Met,Not Met,Not Met,0.5,Met,Not Met,Met,Met,0,Not Met,Not Met,Not Met,Not Met
EnBW Energie Baden-Wuerttemberg,DE0005220008,Electric Utilities,7.5,1,Met,0.5,Met,Not Met,0,Not Met,Not Met,0,Not Met,Not Met,0,Not Met,Not Met,0,Not Met,Not Met,1,Met,1,Met,0.5,Met,Not Met,Met,Met,0.5,Not Met,Not Met,Met,0,Not Met,Not Met,Not Met,0.5,Met,Not Met,0.5,Met,Met,Not Met,Not Met,0.5,Not Met,Met,Met,Not Met,0,Not Met,Not Met,0.5,Met,Met,Not Met,0.5,Not Met,Met,Met,Met,0.5,Met,Met,Met,Not Met
Enel,IT0003128367,Electric Utilities,12.5,1,Met,1,Met,Met,1,Met,Met,0,Not Met,Not Met,2,Met,Not Met,0.5,Met,Not Met,1,Met,1,Met,1,Met,Met,Met,Met,0.5,Met,Not Met,Not Met,0,Not Met,Not Met,Not Met,0.5,Met,Not Met,0.5,Met,Met,Not Met,Met,0.5,Met,Met,Met,Not Met,0,Not Met,Not Met,1,Met,Met,Met,0.5,Met,Not Met,Met,Met,0.5,Not Met,Met,Not Met,Not Met
ENEOS Holdings,JP3386450005,Oil and Gas,7,1,Met,1,Met,Met,1,Met,Met,0,Not Met,Not Met,0,Not Met,Not Met,0.5,Met,Not Met,0,Not Met,0,Not Met,0.5,Met,Not Met,Met,Not Met,0,Not Met,Not Met,Not Met,0.5,Met,Not Met,Not Met,0,Not Met,Not Met,0.5,Not Met,Met,Not Met,Not Met,0.5,Met,Met,Not Met,Not Met,0.5,Met,Not Met,0.5,Met,Not Met,Not Met,0.5,Met,Not Met,Not Met,Not Met,0,Not Met,Not Met,Not Met,Not Met
Engie,FR0010208488,Electric Utilities,11,1,Met,1,Met,Met,1,Met,Met,0,Not Met,Not Met,2,Met,Not Met,0.5,Met,Not Met,1,Met,1,Met,0.5,Met,Not Met,Met,Met,0,Not Met,Not Met,Not Met,0,Not Met,Not Met,Not Met,0,Not Met,Not Met,0.5,Met,Met,Not Met,Not Met,0.5,Met,Met,Met,Not Met,0.5,Met,Not Met,0.5,Met,Met,Not Met,0.5,Met,Not Met,Met,Met,0.5,Not Met,Met,Not Met,Met
Engie,FR0010208488,Oil and Gas,11,1,Met,1,Met,Met,1,Met,Met,0,Not Met,Not Met,2,Met,Not Met,0.5,Met,Not Met,1,Met,1,Met,0.5,Met,Not Met,Met,Met,0,Not Met,Not Met,Not Met,0,Not Met,Not Met,Not Met,0,Not Met,Not Met,0.5,Met,Met,Not Met,Not Met,0.5,Met,Met,Met,Not Met,0.5,Met,Not Met,0.5,Met,Met,Not Met,0.5,Met,Not Met,Met,Met,0.5,Not Met,Met,Not Met,Met
Eni,IT0003132476,Oil and Gas,15.5,1,Met,1,Met,Met,1,Met,Met,2,Met,Not Met,2,Met,Not Met,1,Met,Met,1,Met,1,Met,1,Met,Met,Met,Met,0,Not Met,Not Met,Not Met,0,Not Met,Not Met,Not Met,0.5,Met,Not Met,0.5,Not Met,Met,Not Met,Not Met,0.5,Met,Met,Met,Not Met,0.5,Met,Not Met,1,Met,Met,Met,1,Met,Met,Met,Met,0.5,Not Met,Met,Not Met,Not Met
Enterprise Products Partners,US2937921078,Oil and Gas,4,0,Not Met,0,Not Met,Not Met,0,Not Met,Not Met,0,Not Met,Not Met,0,Not Met,Not Met,0,Not Met,Not Met,1,Met,1,Met,0.5,Met,Not Met,Not Met,Met,0,Not Met,Not Met,Not Met,0,Not Met,Not Met,Not Met,0.5,Met,Not Met,0.5,Met,Met,Not Met,Not Met,0,Not Met,Not Met,Not Met,Not Met,0,Not Met,Not Met,0,Not Met,Not Met,Not Met,0.5,Met,Not Met,Not Met,Met,0,Not Met,Not Met,Not Met,Not Met
EOG Resources,US26875P1012,Oil and Gas,4.5,1,Met,0,Not Met,Not Met,0,Not Met,Not Met,0,Not Met,Not Met,0,Not Met,Not Met,0,Not Met,Not Met,1,Met,1,Met,0.5,Met,Not Met,Met,Not Met,0,Not Met,Not Met,Not Met,0,Not Met,Not Met,Not Met,0,Not Met,Not Met,0.5,Not Met,Met,Not Met,Not Met,0,Not Met,Not Met,Not Met,Not Met,0,Not Met,Not Met,0,Not Met,Not Met,Not Met,0.5,Met,Not Met,Met,Met,0,Not Met,Not Met,Not Met,Not Met
Equinor,NO0010096985,Oil and Gas,10,1,Met,0.5,Met,Not Met,1,Met,Met,0,Not Met,Not Met,0,Not Met,Not Met,1,Met,Met,1,Met,1,Met,0.5,Met,Not Met,Met,Not Met,0,Not Met,Not Met,Not Met,0,Not Met,Not Met,Not Met,0,Not Met,Not Met,0.5,Not Met,Met,Not Met,Not Met,0.5,Not Met,Met,Met,Not Met,0.5,Met,Not Met,1,Met,Met,Met,1,Met,Met,Met,Met,0.5,Met,Met,Not Met,Met
Eskom Holdings,US2964634099,Electric Utilities,3.5,0,Not Met,0,Not Met,Not Met,0,Not Met,Not Met,0,Not Met,Not Met,0,Not Met,Not Met,0,Not Met,Not Met,0,Not Met,0,Not Met,0.5,Met,Not Met,Met,Met,0,Not Met,Not Met,Not Met,0,Not Met,Not Met,Not Met,0.5,Met,Not Met,0.5,Met,Met,Met,Not Met,0.5,Met,Not Met,Met,Not Met,1,Met,Met,0,Not Met,Not Met,Not Met,0.5,Met,Not Met,Met,Not Met,0,Not Met,Not Met,Not Met,Not Met
Exelon Corporation,US30161N1019,Electric Utilities,5,0,Not Met,0,Not Met,Not Met,0,Not Met,Not Met,0,Not Met,Not Met,0,Not Met,Not Met,0,Not Met,Not Met,1,Met,1,Met,0.5,Met,Not Met,Met,Not Met,0,Not Met,Not Met,Not Met,0,Not Met,Not Met,Not Met,0.5,Met,Not Met,0.5,Met,Met,Met,Not Met,0.5,Met,Not Met,Met,Not Met,0,Not Met,Not Met,0,Not Met,Not Met,Not Met,0.5,Met,Not Met,Met,Met,0.5,Met,Not Met,Not Met,Met
Exxon Mobil,US30231G1022,Oil and Gas,5.5,1,Met,0,Not Met,Not Met,0.5,Met,Not Met,0,Not Met,Not Met,0,Not Met,Not Met,0,Not Met,Not Met,1,Met,0,Not Met,0.5,Met,Not Met,Met,Met,0,Not Met,Not Met,Not Met,0,Not Met,Not Met,Not Met,0,Not Met,Not Met,0.5,Not Met,Met,Not Met,Not Met,0.5,Met,Not Met,Not Met,Not Met,0.5,Met,Not Met,0,Not Met,Not Met,Not Met,0.5,Met,Met,Met,Not Met,0.5,Met,Not Met,Not Met,Not Met
Fiat Chrysler Automobiles,NL0010877643,Automotive,8,1,Met,0.5,Met,Not Met,0.5,Met,Not Met,0,Not Met,Not Met,0,Not Met,Not Met,0,Not Met,Not Met,1,Met,1,Met,0.5,Met,Not Met,Met,Met,0,Not Met,Not Met,Not Met,0,Not Met,Not Met,Not Met,0.5,Met,Not Met,0.5,Met,Met,Not Met,Met,0,Not Met,Not Met,Not Met,Not Met,0.5,Met,Not Met,0.5,Met,Met,Not Met,1,Met,Met,Met,Met,0.5,Met,Not Met,Not Met,Not Met
Ford,US3453708600,Automotive,13,1,Met,1,Met,Met,1,Met,Met,2,Met,,2,Met,,0.5,Not Met,Met,1,Met,1,Met,0.5,Met,Not Met,Met,Met,0,Not Met,Not Met,Not Met,0,Not Met,Not Met,Not Met,0.5,Met,Not Met,0.5,Not Met,Met,Met,Not Met,0.5,Met,Not Met,Not Met,Not Met,0.5,Met,Not Met,0,Not Met,Not Met,Not Met,0.5,Met,Not Met,Met,Met,0.5,Met,Not Met,Not Met,Not Met
Formosa Petrochemical Corp,TW0006505001,Oil and Gas,2,0,Not Met,0,Not Met,Not Met,0,Not Met,Not Met,0,Not Met,Not Met,0,Not Met,Not Met,0,Not Met,Not Met,0,Not Met,0,Not Met,0.5,Not Met,Met,Not Met,Not Met,0,Not Met,Not Met,Not Met,0,Not Met,Not Met,Not Met,0,Not Met,Not Met,0.5,Not Met,Met,Not Met,Not Met,0,Not Met,Not Met,Not Met,Not Met,0,Not Met,Not Met,0,Not Met,Not Met,Not Met,0.5,Met,Met,Not Met,Not Met,0.5,Met,Not Met,Not Met,Not Met
Fortum,FI0009007132,Electric Utilities,9,1,Met,1,Met,Met,0,Not Met,Not Met,0,Not Met,Not Met,0,Not Met,Not Met,0.5,Met,Not Met,1,Met,1,Met,0.5,Met,Not Met,Met,Met,0,Not Met,Not Met,Not Met,0,Not Met,Not Met,Not Met,0.5,Met,Not Met,0.5,Met,Met,Not Met,Not Met,0.5,Not Met,Met,Met,Not Met,0.5,Met,Not Met,1,Met,Met,Met,0.5,Met,Not Met,Met,Met,0.5,Met,Met,Not Met,Met
GAIL (India),INE129A01019,Oil and Gas,4,0,Not Met,0,Not Met,Not Met,0,Not Met,Not Met,0,Not Met,Not Met,0,Not Met,Not Met,0,Not Met,Not Met,1,Met,0,Not Met,0.5,Met,Not Met,Not Met,Not Met,0,Not Met,Not Met,Not Met,0,Not Met,Not Met,Not Met,0,Not Met,Not Met,0.5,Met,Met,Not Met,Not Met,0.5,Met,Not Met,Met,Met,0.5,Met,Not Met,0.5,Not Met,Not Met,Met,0.5,Not Met,Met,Not Met,Met,0,Not Met,Not Met,Not Met,Not Met
Galp Energia,PTGAL0AM0009,Oil and Gas,9.5,1,Met,0.5,Met,Not Met,0.5,Met,Not Met,0,Not Met,Not Met,0,Not Met,Not Met,0.5,Met,Not Met,1,Met,1,Met,1,Met,Met,Met,Met,0,Not Met,Not Met,Not Met,0,Not Met,Not Met,Not Met,0.5,Met,Not Met,0.5,Met,Met,Not Met,Not Met,0.5,Met,Met,Not Met,Not Met,1,Met,Met,0.5,Met,Not Met,Not Met,0.5,Met,Not Met,Met,Met,0.5,Not Met,Not Met,Met,Not Met
Gazprom,RU0007661625,Oil and Gas,5,0,Not Met,0,Not Met,Not Met,0,Not Met,Not Met,0,Not Met,Not Met,2,Met,Met,0,Not Met,Not Met,1,Met,0,Not Met,0.5,Met,Not Met,Not Met,Not Met,0,Not Met,Not Met,Not Met,0,Not Met,Not Met,Not Met,0.5,Met,Not Met,0.5,Met,Met,Not Met,Not Met,0,Not Met,Not Met,Not Met,Not Met,0,Not Met,Not Met,0,Not Met,Not Met,Not Met,0.5,Met,Not Met,Not Met,Not Met,0,Not Met,Not Met,Not Met,Not Met
General Motors Corporation (GM),US37045V1008,Automotive,7.5,1,Met,0.5,Met,Not Met,0,Not Met,Not Met,0,Not Met,Not Met,0,Not Met,Not Met,0,Not Met,Not Met,1,Met,1,Met,0.5,Met,Not Met,Met,Met,0.5,Met,Not Met,Not Met,0,Not Met,Not Met,Not Met,0.5,Met,Not Met,0.5,Met,Met,Met,Not Met,0.5,Not Met,Not Met,Met,Not Met,0.5,Met,Not Met,0,Not Met,Not Met,Not Met,0.5,Met,Not Met,Met,Met,0.5,Met,Not Met,Not Met,Not Met
Great Wall Motor Company,CNE1000018V8,Automotive,1,0,Not Met,0,Not Met,Not Met,0,Not Met,Not Met,0,Not Met,Not Met,0,Not Met,Not Met,0,Not Met,Not Met,0,Not Met,0,Not Met,0.5,Met,Not Met,Not Met,Not Met,0,Not Met,Not Met,Not Met,0,Not Met,Not Met,Not Met,0,Not Met,Not Met,0,Not Met,Not Met,Not Met,Not Met,0.5,Not Met,Not Met,Met,Not Met,0,Not Met,Not Met,0,Not Met,Not Met,Not Met,0,Not Met,Not Met,Not Met,Not Met,0,Not Met,Not Met,Not Met,Not Met
Groupe PSA,FR0000121501,Automotive,11.5,1,Met,1,Met,Met,1,Met,Met,2,Met,Not Met,2,Met,Not Met,0,Not Met,Not Met,1,Met,0,Not Met,0.5,Met,Not Met,Met,Met,0,Not Met,Not Met,Not Met,0,Not Met,Not Met,Not Met,0.5,Met,Not Met,0.5,Met,Met,Not Met,Not Met,1,Met,Met,Met,Met,0,Not Met,Not Met,0,Not Met,Not Met,Not Met,0.5,Met,Met,Not Met,Met,0.5,Not Met,Met,Not Met,Not Met
GS Holdings,0,Oil and Gas,2.5,0,Not Met,0,Not Met,Not Met,0,Not Met,Not Met,0,Not Met,Not Met,0,Not Met,Not Met,0,Not Met,Not Met,1,Met,1,Met,0,Not Met,Not Met,Not Met,Not Met,0,Not Met,Not Met,Not Met,0,Not Met,Not Met,Not Met,0,Not Met,Not Met,0,Not Met,Not Met,Not Met,Not Met,0,Not Met,Not Met,Not Met,Not Met,0,Not Met,Not Met,0,Not Met,Not Met,Not Met,0.5,Not Met,Not Met,Not Met,Met,0,Not Met,Not Met,Not Met,Not Met
Guangzhou Automobile Group,CNE100001NQ2,Automotive,1,0,Not Met,0,Not Met,Not Met,0,Not Met,Not Met,0,Not Met,Not Met,0,Not Met,Not Met,0,Not Met,Not Met,0,Not Met,0,Not Met,0,Not Met,Not Met,Not Met,Not Met,0,Not Met,Not Met,Not Met,0,Not Met,Not Met,Not Met,0,Not Met,Not Met,0.5,Met,Met,Not Met,Not Met,0,Not Met,Not Met,Not Met,Not Met,0,Not Met,Not Met,0,Not Met,Not Met,Not Met,0.5,Not Met,Not Met,Not Met,Met,0,Not Met,Not Met,Not Met,Not Met
Hellenic Petroleum,GRS298343005,Oil and Gas,3.5,0,Not Met,0,Not Met,Not Met,0,Not Met,Not Met,0,Not Met,Not Met,0,Not Met,Not Met,0,Not Met,Not Met,0,Not Met,0,Not Met,0.5,Met,Met,Met,Not Met,0,Not Met,Not Met,Not Met,0,Not Met,Not Met,Not Met,0.5,Met,Not Met,0,Not Met,Not Met,Not Met,Not Met,0,Not Met,Not Met,Not Met,Not Met,0.5,Met,Not Met,1,Met,Met,Met,0.5,Met,Not Met,Met,Not Met,0.5,Not Met,Met,Not Met,Not Met
Hess Corporation,US42809H1077,Oil and Gas,10,1,Met,1,Met,Met,0,Not Met,Not Met,2,Not Met,Met,0,Not Met,Not Met,0,Not Met,Not Met,1,Met,1,Met,0.5,Met,Not Met,Met,Not Met,0,Not Met,Not Met,Not Met,0,Not Met,Not Met,Not Met,0.5,Met,Not Met,0.5,Not Met,Met,Met,Not Met,0,Not Met,Not Met,Not Met,Not Met,0,Not Met,Not Met,1,Met,Met,Met,1,Met,Met,Met,Met,0.5,Met,Not Met,Met,Not Met
Holly Frontier,US4361061082,Oil and Gas,6,1,Met,0.5,Met,Not Met,0,Not Met,Not Met,0,Not Met,Not Met,0,Not Met,Not Met,0,Not Met,Not Met,1,Met,1,Met,0.5,Met,Not Met,Met,Met,0,Not Met,Not Met,Not Met,0,Not Met,Not Met,Not Met,0.5,Met,Not Met,0,Not Met,Not Met,Not Met,Not Met,0,Not Met,Not Met,Not Met,Not Met,1,Met,Met,0,Not Met,Not Met,Not Met,0.5,Met,Not Met,Met,Met,0,Not Met,Not Met,Not Met,Not Met
Honda Motor,JP3854600008,Automotive,5.5,1,Met,0,Not Met,Not Met,0,Not Met,Not Met,2,Not Met,Met,0,Not Met,Not Met,0,Not Met,Not Met,1,Met,0,Not Met,0.5,Met,Not Met,Met,Met,0,Not Met,Not Met,Not Met,0,Not Met,Not Met,Not Met,0,Not Met,Not Met,0.5,Not Met,Met,Not Met,Not Met,0.5,Met,Met,Not Met,Not Met,0,Not Met,Not Met,0,Not Met,Not Met,Not Met,0,Not Met,Not Met,Not Met,Not Met,0,Not Met,Not Met,Not Met,Not Met
Hyundai Motor Company,KR7000720003,Automotive,7.5,1,Met,0,Not Met,Not Met,1,Met,Met,0,Not Met,Not Met,0,Not Met,Not Met,0,Met,Not Met,1,Met,1,Met,0.5,Met,Not Met,Met,Met,0,Not Met,Not Met,Not Met,0,Not Met,Not Met,Not Met,0,Not Met,Not Met,0.5,Not Met,Met,Not Met,Not Met,0,Not Met,Not Met,Not Met,Not Met,1,Met,Met,0.5,Met,Not Met,Not Met,0.5,Met,Not Met,Not Met,Met,0.5,Not Met,Met,Not Met,Not Met
Iberdrola,ES0144580Y14,Electric Utilities,7,1,Met,1,Met,Met,0,Not Met,Not Met,0,Not Met,Not Met,0,Not Met,Not Met,0,Not Met,Not Met,1,Met,0,Not Met,0.5,Met,Not Met,Met,Met,0,Not Met,Not Met,Not Met,0,Not Met,Not Met,Not Met,0.5,Met,Not Met,0.5,Not Met,Met,Not Met,Met,0.5,Met,Met,Met,Not Met,0.5,Met,Not Met,1,Met,Met,Met,0.5,Met,Met,Met,Not Met,0,Not Met,Not Met,Not Met,Not Met
Idemitsu Kosan,JP3142500002,Oil and Gas,6.5,1,Met,1,Met,Met,0.5,Met,Not Met,0,Not Met,Not Met,0,Not Met,Not Met,0,Not Met,Not Met,1,Met,0,Not Met,0.5,Met,Not Met,Met,Met,0,Not Met,Not Met,Not Met,0,Not Met,Not Met,Not Met,0,Not Met,Not Met,0.5,Not Met,Met,Not Met,Not Met,0.5,Not Met,Met,Not Met,Not Met,0.5,Met,Not Met,0.5,Met,Not Met,Not Met,0.5,Met,Not Met,Not Met,Not Met,0,Not Met,Not Met,Not Met,Not Met
Indian Oil Corporation (IndianOil),INE242A01010,Oil and Gas,3.5,0,Not Met,0,Not Met,Not Met,0,Not Met,Not Met,0,Not Met,Not Met,0,Not Met,Not Met,0,Not Met,Not Met,1,Met,1,Met,0.5,Met,Not Met,Not Met,Met,0,Not Met,Not Met,Not Met,0,Not Met,Not Met,Not Met,0.5,Met,Not Met,0,Not Met,Not Met,Not Met,Not Met,0,Not Met,Not Met,Not Met,Not Met,0,Not Met,Not Met,0,Not Met,Not Met,Not Met,0.5,Not Met,Not Met,Not Met,Met,0,Not Met,Not Met,Not Met,Not Met
Inpex,JP3294460005,Oil and Gas,11,1,Met,0,Not Met,Not Met,1,Met,Met,2,Met,,2,Met,Not Met,0,Not Met,Not Met,1,Met,1,Met,0.5,Met,Not Met,Not Met,Met,0,Not Met,Not Met,Not Met,0,Not Met,Not Met,Not Met,0,Not Met,Not Met,0.5,Not Met,Met,Not Met,Not Met,0.5,Met,Met,Not Met,Not Met,0,Not Met,Not Met,0.5,Met,Met,Not Met,1,Met,Met,Met,Met,0,Not Met,Not Met,Not Met,Not Met
Inter RAO,RU000A0JPNM1,Electric Utilities,6,1,Met,0,Not Met,Not Met,0,Not Met,Not Met,0,Not Met,Not Met,0,Not Met,Not Met,0,Not Met,Not Met,1,Met,1,Met,0.5,Met,Not Met,Met,Not Met,0,Not Met,Not Met,Not Met,0,Not Met,Not Met,Not Met,0.5,Met,Not Met,0.5,Met,Met,Not Met,Not Met,0,Not Met,Not Met,Not Met,Not Met,0,Not Met,Not Met,0,Not Met,Not Met,Not Met,1,Met,Met,Met,Met,0.5,Not Met,Met,Not Met,Not Met
Kansai Electric Power Company (KEPCO),JP3228600007,Electric Utilities,4,1,Met,0.5,Not Met,Met,0,Not Met,Not Met,0,Not Met,Not Met,0,Not Met,Not Met,0,Not Met,Not Met,1,Met,0,Not Met,0,Not Met,Not Met,Not Met,Not Met,0,Not Met,Not Met,Not Met,0,Not Met,Not Met,Not Met,0,Not Met,Not Met,0.5,Not Met,Met,Not Met,Not Met,0.5,Met,Met,Not Met,Not Met,0,Not Met,Not Met,0,Not Met,Not Met,Not Met,0.5,Met,Met,Not Met,Not Met,0,Not Met,Not Met,Not Met,Not Met
Kia Motors Corporation,KR7000270009,Automotive,6,1,Met,0,Not Met,Not Met,0,Not Met,Not Met,2,Not Met,Met,0,Not Met,Not Met,0.5,Met,Not Met,0,Not Met,0,Not Met,0.5,Met,Not Met,Not Met,Met,0,Not Met,Not Met,Not Met,0,Not Met,Not Met,Not Met,0.5,Met,Not Met,0,Not Met,Not Met,Not Met,Not Met,0,Not Met,Not Met,Not Met,Not Met,0,Not Met,Not Met,0.5,Met,Not Met,Not Met,0.5,Met,Met,Not Met,Met,0.5,Not Met,Met,Not Met,Not Met
Korea Electric Power Corporation (KEPCO/Hanjeon),KR7015760002,Electric Utilities,8.5,1,Met,0.5,Met,Not Met,0,Not Met,Not Met,0,Not Met,Not Met,2,Met,Not Met,1,Met,Met,1,Met,1,Met,0.5,Met,Not Met,Met,Met,0,Not Met,Not Met,Not Met,0,Not Met,Not Met,Not Met,0,Not Met,Not Met,0.5,Not Met,Met,Not Met,Not Met,0.5,Not Met,Met,Not Met,Not Met,0,Not Met,Not Met,0,Not Met,Not Met,Not Met,0.5,Met,Met,Met,Not Met,0,Not Met,Not Met,Not Met,Not Met
Kuwait Petroleum Corporation (Q8),0,Oil and Gas,2,0,Not Met,0,Not Met,Not Met,0,Not Met,Not Met,0,Not Met,Not Met,0,Not Met,Not Met,0,Not Met,Not Met,0,Not Met,0,Not Met,0.5,Met,Met,Met,Not Met,0,Not Met,Not Met,Not Met,0,Not Met,Not Met,Not Met,0,Not Met,Not Met,0.5,Met,Met,Not Met,Not Met,0.5,Met,Not Met,Not Met,Not Met,0,Not Met,Not Met,0,Not Met,Not Met,Not Met,0.5,Met,Not Met,Met,Met,0,Not Met,Not Met,Not Met,Not Met
Kyushu Electric Power,JP3246400000,Electric Utilities,1.5,0,Not Met,0,Not Met,Not Met,0,Not Met,Not Met,0,Not Met,Not Met,0,Not Met,Not Met,0,Not Met,Not Met,0,Not Met,0,Not Met,0.5,Met,Not Met,Met,Not Met,0,Not Met,Not Met,Not Met,0,Not Met,Not Met,Not Met,0,Not Met,Not Met,0.5,Not Met,Met,Not Met,Not Met,0.5,Met,Met,Not Met,Not Met,0,Not Met,Not Met,0,Not Met,Not Met,Not Met,0,Not Met,Not Met,Not Met,Not Met,0,Not Met,Not Met,Not Met,Not Met
Lukoil,RU0009024277,Oil and Gas,9.5,1,Met,1,Met,Met,0,Not Met,Not Met,0,Not Met,Not Met,0,Not Met,Not Met,0,Not Met,Not Met,1,Met,1,Met,0.5,Met,Not Met,Met,Not Met,0,Not Met,Not Met,Not Met,0,Not Met,Not Met,Not Met,0.5,Met,Not Met,0.5,Met,Met,Not Met,Not Met,0,Not Met,Not Met,Not Met,Not Met,1,Met,Met,1,Met,Met,Met,1,Met,Met,Met,Met,1,Met,Met,Met,Met
Mahindra & Mahindra (Automotive),INE101A01026,Automotive,6.5,1,Met,1,Met,Met,0,Not Met,Not Met,0,Not Met,Not Met,0,Not Met,Not Met,0,Not Met,Not Met,1,Met,1,Met,0.5,Met,Not Met,Met,Met,0,Not Met,Not Met,Not Met,0,Not Met,Not Met,Not Met,0.5,Met,Not Met,0.5,Not Met,Met,Not Met,Not Met,0.5,Met,Not Met,Not Met,Not Met,0,Not Met,Not Met,0,Not Met,Not Met,Not Met,0.5,Met,Not Met,Met,Met,0,Not Met,Not Met,Not Met,Not Met
Marathon Oil,US5658491064,Oil and Gas,5.5,1,Met,0,Not Met,Not Met,0,Not Met,Not Met,0,Not Met,Not Met,0,Not Met,Not Met,0,Not Met,Not Met,1,Met,1,Met,0.5,Met,Not Met,Not Met,,0,Not Met,Not Met,Not Met,0,Not Met,Not Met,Not Met,0,Not Met,Not Met,0.5,Not Met,Met,Not Met,Not Met,0.5,Not Met,Not Met,Met,Not Met,0,Not Met,Not Met,0,Not Met,Not Met,Not Met,0.5,Met,Not Met,Met,Met,0.5,Met,Not Met,Met,Met
Marathon Petroleum Corporation,US56585A1025,Oil and Gas,8,1,Met,1,Met,Met,0,Not Met,Not Met,0,Not Met,Not Met,0,Not Met,Not Met,0.5,Not Met,Met,1,Met,1,Met,0.5,Met,Not Met,Met,Met,0,Not Met,Not Met,Not Met,0,Not Met,Not Met,Not Met,0.5,Met,Not Met,0.5,Met,Met,Met,Not Met,0,Not Met,Not Met,Not Met,Not Met,1,Met,Met,0,Not Met,Not Met,Not Met,0.5,Met,Not Met,Met,Met,0.5,Met,Not Met,Not Met,Not Met
Mazda Motor Corporation,JP3868400007,Automotive,3,0,Not Met,0,Not Met,Not Met,0,Not Met,Not Met,0,Not Met,Not Met,0,Not Met,Not Met,0,Not Met,Not Met,1,Met,0,Not Met,0.5,Not Met,Not Met,Met,Met,0,Not Met,Not Met,Not Met,0,Not Met,Not Met,Not Met,0,Not Met,Not Met,0.5,Not Met,Met,Not Met,Not Met,0.5,Not Met,Met,Not Met,Not Met,0.5,Met,Not Met,0,Not Met,Not Met,Not Met,0,Not Met,Not Met,Not Met,Not Met,0,Not Met,Not Met,Not Met,Not Met
Mitsubishi Motors Corporation,JP3899800001,Automotive,4.5,1,Met,0.5,Met,Not Met,0,Not Met,Not Met,0,Not Met,Not Met,0,Not Met,Not Met,0,Not Met,Not Met,1,Met,0,Not Met,0.5,Met,Not Met,Met,Met,0,Not Met,Not Met,Not Met,0,Not Met,Not Met,Not Met,0,Not Met,Not Met,0.5,Not Met,Met,Not Met,Not Met,0.5,Met,Met,Not Met,Not Met,0,Not Met,Not Met,0,Not Met,Not Met,Not Met,0.5,Met,Met,Met,Not Met,0,Not Met,Not Met,Not Met,Not Met
MOL Magyar Olajes Gazipari Nyrt,HU0000153937,Oil and Gas,9,1,Met,1,Met,Met,0,Not Met,Not Met,0,Not Met,Not Met,0,Not Met,Not Met,0.5,Met,Not Met,1,Met,1,Met,0.5,Met,Not Met,Met,Met,0,Not Met,Not Met,Not Met,0,Not Met,Not Met,Not Met,0.5,Met,Not Met,0.5,Met,Met,Not Met,Not Met,0.5,Not Met,Met,Not Met,Met,0.5,Met,Not Met,0.5,Met,Not Met,Met,1,Met,Met,Met,Met,0.5,Met,Met,Not Met,Not Met
Naftogaz,0,Oil and Gas,5.5,1,Met,0.5,Met,Not Met,0,Not Met,Not Met,0,Not Met,Not Met,0,Not Met,Not Met,0,Not Met,Not Met,1,Met,0,Not Met,0.5,Met,Not Met,Not Met,Not Met,0,Not Met,Not Met,Not Met,0,Not Met,Not Met,Not Met,0.5,Met,Not Met,0.5,Not Met,Met,Not Met,Not Met,0.5,Not Met,Not Met,Met,Not Met,0,Not Met,Not Met,0,Not Met,Not Met,Not Met,0.5,Met,Met,Met,Not Met,0.5,Not Met,Met,Not Met,Not Met
National Iranian Oil Company (NIOC),0,Oil and Gas,0,0,Not Met,0,Not Met,Not Met,0,Not Met,Not Met,0,Not Met,Not Met,0,Not Met,Not Met,0,Not Met,Not Met,0,Not Met,0,Not Met,0,Not Met,Not Met,Not Met,Not Met,0,Not Met,Not Met,Not Met,0,Not Met,Not Met,Not Met,0,Not Met,Not Met,0,Not Met,Not Met,Not Met,Not Met,0,Not Met,Not Met,Not Met,Not Met,0,Not Met,Not Met,0,Not Met,Not Met,Not Met,0,Not Met,Not Met,Not Met,Not Met,0,Not Met,Not Met,Not Met,Not Met
National Oil Corporation of Libya,CA92143B1004,Oil and Gas,0,0,Not Met,0,Not Met,Not Met,0,Not Met,Not Met,0,Not Met,Not Met,0,Not Met,Not Met,0,Not Met,Not Met,0,Not Met,0,Not Met,0,Not Met,Not Met,Not Met,Not Met,0,Not Met,Not Met,Not Met,0,Not Met,Not Met,Not Met,0,Not Met,Not Met,0,Not Met,Not Met,Not Met,Not Met,0,Not Met,Not Met,Not Met,Not Met,0,Not Met,Not Met,0,Not Met,Not Met,Not Met,0,Not Met,Not Met,Not Met,Not Met,0,Not Met,Not Met,Not Met,Not Met
Naturgy Energy,ES0116870314,Oil and Gas,9.5,1,Met,1,Met,Met,0,Not Met,Not Met,0,Not Met,Not Met,0,Not Met,Not Met,0.5,Met,Not Met,1,Met,1,Met,1,Met,Met,Met,Met,0.5,Met,Not Met,Not Met,0,Not Met,Not Met,Not Met,0.5,Met,Not Met,0.5,Not Met,Met,Not Met,Met,0.5,Not Met,Met,Not Met,Met,0.5,Met,Not Met,0.5,Met,Met,Not Met,0.5,Met,Not Met,Met,Met,0.5,Met,Met,Not Met,Not Met
Neste,FI0009013296,Oil and Gas,14.5,1,Met,1,Met,Met,1,Met,Met,2,Met,Not Met,2,Not Met,Met,1,Met,Met,1,Met,1,Met,0.5,Met,Not Met,Met,Met,0,Not Met,Not Met,Not Met,0,Not Met,Not Met,Not Met,0.5,Met,Not Met,0.5,Met,Met,Not Met,Not Met,0.5,Met,Not Met,Met,Not Met,0.5,Met,Not Met,0.5,Met,Not Met,Not Met,1,Met,Met,Met,Met,0.5,Not Met,Met,Not Met,Not Met
Nextera Energy,US65339F1012,Electric Utilities,4,0,Not Met,0,Not Met,Not Met,0,Not Met,Not Met,0,Not Met,Not Met,0,Not Met,Not Met,0,Not Met,Not Met,1,Met,1,Met,0.5,Met,Not Met,Met,Met,0,Not Met,Not Met,Not Met,0,Not Met,Not Met,Not Met,0,Not Met,Not Met,0.5,Not Met,Met,Not Met,Not Met,0,Not Met,Not Met,Not Met,Not Met,0,Not Met,Not Met,0,Not Met,Not Met,Not Met,0.5,Met,Not Met,Not Met,Met,0.5,Met,Not Met,Not Met,Not Met
NGL Energy Partners,US62913M1071,Oil and Gas,4,0,Not Met,0,Not Met,Not Met,0,Not Met,Not Met,0,Not Met,Not Met,0,Not Met,Not Met,0,Not Met,Not Met,1,Met,1,Met,0.5,Met,Not Met,Not Met,Not Met,0,Not Met,Not Met,Not Met,0,Not Met,Not Met,Not Met,0,Not Met,Not Met,0.5,Not Met,Met,Not Met,Not Met,0,Not Met,Not Met,Not Met,Not Met,0,Not Met,Not Met,0.5,Not Met,Not Met,Met,0.5,Not Met,Not Met,Not Met,Met,0,Not Met,Not Met,Not Met,Not Met
Nigerian National Petroleum Corporation (NNPC),0,Oil and Gas,0,0,Not Met,0,Not Met,Not Met,0,Not Met,Not Met,0,Not Met,Not Met,0,Not Met,Not Met,0,Not Met,Not Met,0,Not Met,0,Not Met,0,Not Met,Not Met,Not Met,Not Met,0,Not Met,Not Met,Not Met,0,Not Met,Not Met,Not Met,0,Not Met,Not Met,0,Not Met,Not Met,Not Met,Not Met,0,Not Met,Not Met,Not Met,Not Met,0,Not Met,Not Met,0,Not Met,Not Met,Not Met,0,Not Met,Not Met,Not Met,Not Met,0,Not Met,Not Met,Not Met,Not Met
Nissan Motor Company,JP3672400003,Automotive,8,1,Met,0,Not Met,Not Met,0.5,Met,Not Met,2,Not Met,Met,0,Not Met,Not Met,0,Not Met,Not Met,1,Met,1,Met,0.5,Met,Not Met,Met,Met,0,Not Met,Not Met,Not Met,0,Not Met,Not Met,Not Met,0,Not Met,Not Met,0.5,Met,Met,Not Met,Not Met,0.5,Met,Met,Not Met,Not Met,0,Not Met,Not Met,0.5,Not Met,Met,Not Met,0.5,Met,Not Met,Met,Met,0,Not Met,Not Met,Not Met,Not Met
NK KazMunayGaz,KZ1C00001122,Oil and Gas,7,1,Met,0.5,Met,Not Met,0,Not Met,Not Met,0,Not Met,Not Met,0,Not Met,Not Met,0,Not Met,Not Met,1,Met,1,Met,0.5,Met,Not Met,Met,Met,0,Not Met,Not Met,Not Met,0.5,Met,Not Met,Not Met,0.5,Met,Not Met,0.5,Met,Met,Not Met,Not Met,0,Not Met,Not Met,Not Met,Not Met,0,Not Met,Not Met,0.5,Not Met,Not Met,Met,1,Met,Met,Met,Met,0,Not Met,Not Met,Not Met,Not Met
Novatek,RU000A0DKVS5,Oil and Gas,5.5,0,Not Met,0.5,Not Met,Met,0,Not Met,Not Met,0,Not Met,Not Met,0,Not Met,Not Met,0.5,Not Met,Met,1,Met,1,Met,0.5,Met,Not Met,Met,Not Met,0,Not Met,Not Met,Not Met,0,Not Met,Not Met,Not Met,0.5,Met,Not Met,0.5,Met,Met,Not Met,Not Met,0,Not Met,Not Met,Not Met,Not Met,0,Not Met,Not Met,0,Not Met,Not Met,Not Met,0.5,Met,Not Met,Met,Met,0.5,Not Met,Met,Not Met,Not Met
NTPC,INE733E01010,Electric Utilities,6,1,Met,1,Met,Met,0,Not Met,Not Met,0,Not Met,Not Met,0,Not Met,Not Met,0,Not Met,Not Met,1,Met,1,Met,0.5,Met,Not Met,Met,Not Met,0,Not Met,Not Met,Not Met,0,Not Met,Not Met,Not Met,0,Not Met,Not Met,0.5,Not Met,Met,Not Met,Not Met,0.5,Met,Not Met,Not Met,Not Met,0,Not Met,Not Met,0,Not Met,Not Met,Not Met,0.5,Met,Not Met,Not Met,Met,0,Not Met,Not Met,Not Met,Not Met
Occidental Petroleum,US6745991058,Oil and Gas,5.5,1,Met,0.5,Met,Not Met,0,Not Met,Not Met,0,Not Met,Not Met,0,Not Met,Not Met,0,Not Met,Not Met,1,Met,1,Met,0.5,Met,Not Met,Not Met,Not Met,0,Not Met,Not Met,Not Met,0,Not Met,Not Met,Not Met,0,Not Met,Not Met,0,Not Met,Not Met,Not Met,Not Met,0,Not Met,Not Met,Not Met,Not Met,0.5,Met,Not Met,0,Not Met,Not Met,Not Met,0.5,Met,Not Met,Not Met,Met,0.5,Met,Not Met,Not Met,Not Met
Oil and Natural Gas Corporation (ONGC),INE213A01029,Oil and Gas,4,0,Not Met,0,Not Met,Not Met,0,Not Met,Not Met,0,Not Met,Not Met,0,Not Met,Not Met,0.5,Met,Not Met,1,Met,1,Met,0,Not Met,Not Met,Not Met,Not Met,0,Not Met,Not Met,Not Met,0,Not Met,Not Met,Not Met,0,Not Met,Not Met,0.5,Met,Met,Not Met,Met,0.5,Met,Not Met,Not Met,Not Met,0,Not Met,Not Met,0,Not Met,Not Met,Not Met,0.5,Met,Not Met,Not Met,Met,0,Not Met,Not Met,Not Met,Not Met
OMV,AT0000743059,Oil and Gas,14,1,Met,1,Met,Met,1,Met,Met,2,Met,Not Met,2,Not Met,Met,0.5,Met,Not Met,0,Not Met,1,Met,1,Met,Met,Met,Met,0.5,Not Met,Not Met,Met,0,Not Met,Not Met,Not Met,0.5,Met,Not Met,0.5,Met,Met,Not Met,Not Met,0.5,Met,Met,Met,Not Met,0.5,Met,Not Met,0.5,Met,Met,Not Met,1,Met,Met,Met,Met,0.5,Not Met,Met,Not Met,Not Met
Origin Energy,AU000000ORG5,Electric Utilities,8.5,1,Met,1,Met,Met,0,Not Met,Not Met,0,Not Met,Not Met,0,Not Met,Not Met,0,Not Met,Not Met,1,Met,1,Met,0.5,Met,Not Met,Met,Not Met,0.5,Not Met,Not Met,Met,0,Not Met,Not Met,Not Met,0.5,Met,Not Met,0.5,Not Met,Met,Not Met,Not Met,0.5,Met,Met,Met,Not Met,1,Met,Met,0,Not Met,Not Met,Not Met,0.5,Met,Not Met,Met,Met,0.5,Met,Not Met,Not Met,Not Met
Origin Energy,AU000000ORG5,Oil and Gas,8.5,1,Met,1,Met,Met,0,Not Met,Not Met,0,Not Met,Not Met,0,Not Met,Not Met,0,Not Met,Not Met,1,Met,1,Met,0.5,Met,Not Met,Met,Not Met,0.5,Not Met,Not Met,Met,0,Not Met,Not Met,Not Met,0.5,Met,Not Met,0.5,Not Met,Met,Not Met,Not Met,0.5,Met,Met,Met,Not Met,1,Met,Met,0,Not Met,Not Met,Not Met,0.5,Met,Not Met,Met,Met,0.5,Met,Not Met,Not Met,Not Met
Ørsted,DK0060094928,Electric Utilities,8,1,Met,0.5,Not Met,Met,1,Met,Met,0,Not Met,Not Met,0,Not Met,Not Met,0,Not Met,Not Met,1,Met,1,Met,0.5,Met,Not Met,Met,Met,0,Not Met,Not Met,Not Met,0,Not Met,Not Met,Not Met,0,Not Met,Not Met,0.5,Not Met,Met,Not Met,Not Met,0.5,Not Met,Met,Not Met,Not Met,0.5,Met,Not Met,1,Met,Met,Met,0.5,Met,Not Met,Met,Met,0,Not Met,Not Met,Not Met,Not Met
Pacific Gas and Electric (PG&E),US69331C1080,Electric Utilities,6,1,Met,0,Not Met,Not Met,0,Not Met,Not Met,0,Not Met,Not Met,0,Not Met,Not Met,0,Not Met,Not Met,1,Met,1,Met,0.5,Met,Not Met,Met,Met,0,Not Met,Not Met,Not Met,0,Not Met,Not Met,Not Met,0.5,Met,Not Met,0.5,Not Met,Met,Met,Not Met,0.5,Not Met,Not Met,Met,Not Met,0,Not Met,Not Met,0,Not Met,Not Met,Not Met,0.5,Met,Not Met,Met,Met,0.5,Met,Not Met,Met,Not Met
PBF Energy,US69318G1067,Oil and Gas,3.5,0,Not Met,0.5,Not Met,Met,0,Not Met,Not Met,0,Not Met,Not Met,0,Not Met,Not Met,0,Not Met,Not Met,1,Met,0,Not Met,0.5,Met,Not Met,Met,Not Met,0,Not Met,Not Met,Not Met,0,Not Met,Not Met,Not Met,0.5,Met,Not Met,0,Not Met,Not Met,Not Met,Not Met,0,Not Met,Not Met,Not Met,Not Met,0,Not Met,Not Met,0,Not Met,Not Met,Not Met,0.5,Met,Not Met,Met,Not Met,0.5,Not Met,Met,Not Met,Not Met
Pertamina,0,Oil and Gas,7.5,0,Not Met,1,Met,Met,0,Not Met,Not Met,0,Not Met,Not Met,0,Not Met,Not Met,0.5,Met,Not Met,1,Met,1,Met,0.5,Met,Not Met,Met,Not Met,0,Not Met,Not Met,Not Met,0,Not Met,Not Met,Not Met,0.5,Met,Not Met,0.5,Met,Met,Not Met,Not Met,0.5,Met,Not Met,Met,Not Met,0,Not Met,Not Met,0.5,Met,Not Met,Not Met,1,Met,Met,Met,Met,0.5,Met,Met,Met,Not Met
Perusahaan Listrik Negara (PLN),0,Electric Utilities,4,0,Not Met,0,Not Met,Not Met,0,Not Met,Not Met,0,Not Met,Not Met,0,Not Met,Not Met,0,Not Met,Not Met,1,Met,1,Met,0,Not Met,Not Met,Not Met,Not Met,0,Not Met,Not Met,Not Met,0,Not Met,Not Met,Not Met,0.5,Met,Not Met,0.5,Met,Met,Not Met,Not Met,0.5,Met,Not Met,Not Met,Not Met,0,Not Met,Not Met,0,Not Met,Not Met,Not Met,0.5,Not Met,Met,Not Met,Met,0,Not Met,Not Met,Not Met,Not Met
Petroecuador,0,Oil and Gas,2,0,Not Met,0,Not Met,Not Met,0,Not Met,Not Met,0,Not Met,Not Met,0,Not Met,Not Met,0,,,1,Met,1,Met,0,Not Met,Not Met,Not Met,Not Met,0,Not Met,Not Met,Not Met,0,Not Met,Not Met,Not Met,0,Not Met,Not Met,0,Not Met,Not Met,Not Met,Not Met,0,Not Met,Not Met,Not Met,Not Met,0,Not Met,Not Met,0,Not Met,Not Met,Not Met,0,Not Met,Not Met,Not Met,Not Met,0,Not Met,Not Met,Not Met,Not Met
Petroleo Brasileiro (Petrobras),BRPETRACNPR6,Oil and Gas,13.5,1,Met,1,Met,Met,0.5,Met,Not Met,2,Met,Met,2,Met,Met,1,Met,Met,1,Met,1,Met,0.5,Met,Not Met,Met,Met,0,Not Met,Not Met,Not Met,0,Not Met,Not Met,Not Met,0.5,Met,Not Met,0.5,Not Met,Met,Met,Not Met,0.5,Met,Met,Not Met,Met,0,Not Met,Not Met,0.5,Met,Not Met,Not Met,1,Met,Met,Met,Met,0.5,Not Met,Met,Not Met,Not Met
Petroleos de Venezuela (PDVSA),VEV000571001,Oil and Gas,0,0,Not Met,0,Not Met,Not Met,0,Not Met,Not Met,0,Not Met,Not Met,0,Not Met,Not Met,0,Not Met,Not Met,0,Not Met,0,Not Met,0,Not Met,Not Met,Not Met,Not Met,0,Not Met,Not Met,Not Met,0,Not Met,Not Met,Not Met,0,Not Met,Not Met,0,Not Met,Not Met,Not Met,Not Met,0,Not Met,Not Met,Not Met,Not Met,0,Not Met,Not Met,0,Not Met,Not Met,Not Met,0,Not Met,Not Met,Not Met,Not Met,0,Not Met,Not Met,Not Met,Not Met
Petroleos Mexicanos (Pemex),0,Oil and Gas,5.5,1,Met,0.5,Met,Not Met,0,Not Met,Not Met,0,Not Met,Not Met,0,Not Met,Not Met,0,Not Met,Not Met,1,Met,1,Met,0.5,Met,Not Met,Not Met,Not Met,0,Not Met,Not Met,Not Met,0,Not Met,Not Met,Not Met,0,Not Met,Not Met,0,Not Met,Not Met,Not Met,Not Met,0,Not Met,Not Met,Not Met,Not Met,0,Not Met,Not Met,0,Not Met,Not Met,Not Met,1,Met,Met,Met,Met,0.5,Not Met,Met,Not Met,Not Met
Petroleum Development Oman,0,Oil and Gas,2.5,0,Not Met,0,Not Met,Not Met,0,Not Met,Not Met,0,Not Met,Not Met,0,Not Met,Not Met,0,Not Met,Not Met,0,Not Met,0,Not Met,0.5,Met,Not Met,Not Met,Not Met,0,Not Met,Not Met,Not Met,0,Not Met,Not Met,Not Met,0,Not Met,Not Met,0.5,Not Met,Met,Not Met,Not Met,0.5,Not Met,Met,Not Met,Not Met,0.5,Met,Not Met,0,Not Met,Not Met,Not Met,0.5,Met,Not Met,Not Met,Not Met,0,Not Met,Not Met,Not Met,Not Met
Petroliam Nasional Bhd (PETRONAS),0,Oil and Gas,8.5,1,Met,0,Not Met,Not Met,0.5,Met,Not Met,2,Met,Not Met,0,Not Met,Not Met,0,Not Met,Not Met,1,Met,1,Met,0.5,Met,Not Met,Met,Not Met,0,Not Met,Not Met,Not Met,0,Not Met,Not Met,Not Met,0,Not Met,Not Met,0.5,Met,Met,Not Met,Met,0.5,Not Met,Not Met,Met,Not Met,0,Not Met,Not Met,0,Not Met,Not Met,Not Met,1,Met,Met,Met,Met,0.5,Met,Met,Not Met,Not Met
PetroSA,0,Oil and Gas,4.5,0,Not Met,0,Not Met,Not Met,0,Not Met,Not Met,0,Not Met,Not Met,0,Not Met,Not Met,0,Not Met,Not Met,1,Met,1,Met,0.5,Met,Not Met,Met,Not Met,0,Not Met,Not Met,Not Met,0,Not Met,Not Met,Not Met,0,Not Met,Not Met,0.5,Met,Met,Not Met,Not Met,0.5,Not Met,Met,Not Met,Not Met,0,Not Met,Not Met,0,Not Met,Not Met,Not Met,1,Met,Met,Met,Met,0,Not Met,Not Met,Not Met,Not Met
Phillips 66,US7185461040,Oil and Gas,5,0,Not Met,0,Not Met,Not Met,0,Not Met,Not Met,0,Not Met,Not Met,0,Not Met,Not Met,0,Not Met,Not Met,1,Met,1,Met,0.5,Met,Not Met,Met,Met,0,Not Met,Not Met,Not Met,0,Not Met,Not Met,Not Met,0,Not Met,Not Met,0.5,Not Met,Met,Met,Not Met,0.5,Not Met,Not Met,Met,Not Met,0.5,Met,Not Met,0,Not Met,Not Met,Not Met,0.5,Met,Not Met,Met,Met,0.5,Met,Not Met,Met,Not Met
Pioneer Natural Resources,US7237871071,Oil and Gas,4.5,1,Met,0,Not Met,Not Met,0,Not Met,Not Met,0,Not Met,Not Met,0,Not Met,Not Met,0,Not Met,Not Met,0,Not Met,0,Not Met,0.5,Met,Not Met,Met,Not Met,0.5,Met,Not Met,Not Met,0,Not Met,Not Met,Not Met,0,Not Met,Not Met,0.5,Not Met,Met,Met,Not Met,0,Not Met,Not Met,Not Met,Not Met,0.5,Met,Not Met,0.5,Not Met,Not Met,Met,0.5,Met,Not Met,Not Met,Not Met,0.5,Met,Not Met,Met,Not Met
Polski Koncern Naftowy Orlen (PKN Orlen),PLPKN0000018,Oil and Gas,3,0,Not Met,0,Not Met,Not Met,0,Not Met,Not Met,0,Not Met,Not Met,0,Not Met,Not Met,0,Not Met,Not Met,0,Not Met,0,Not Met,0.5,Met,Not Met,Met,Met,0,Not Met,Not Met,Not Met,0,Not Met,Not Met,Not Met,0.5,Met,Not Met,0.5,Met,Met,Not Met,Not Met,0.5,Not Met,Not Met,Met,Not Met,0,Not Met,Not Met,0,Not Met,Not Met,Not Met,1,Met,Met,Met,Met,0,Not Met,Not Met,Not Met,Not Met
PTT,TH0646010Z00,Oil and Gas,13,1,Met,1,Met,Met,1,Met,Met,2,Met,Not Met,2,Met,Not Met,0.5,Met,Not Met,1,Met,1,Met,0.5,Met,Not Met,Met,Not Met,0.5,Met,Not Met,Not Met,0,Not Met,Not Met,Not Met,0,Not Met,Not Met,0.5,Not Met,Met,Not Met,Not Met,0,Not Met,Not Met,Not Met,Not Met,0,Not Met,Not Met,0.5,Met,Not Met,Met,1,Met,Met,Met,Met,0.5,Met,Met,Not Met,Not Met
Qatar Petroleum,0,Oil and Gas,5.5,1,Met,0,Not Met,Not Met,0,Not Met,Not Met,0,Not Met,Not Met,0,Not Met,Not Met,0,Not Met,Not Met,1,Met,1,Met,0.5,Met,Not Met,Not Met,Not Met,0,Not Met,Not Met,Not Met,0,Not Met,Not Met,Not Met,0,Not Met,Not Met,0,Not Met,Not Met,Not Met,Not Met,0.5,Not Met,Met,Not Met,,0,Not Met,Not Met,0,Not Met,Not Met,Not Met,0.5,Met,Not Met,Not Met,Met,1,Met,Met,Met,Met
Reliance Industries,INE002A01018,Oil and Gas,3,0,Not Met,0,Not Met,Not Met,0,Not Met,Not Met,0,Not Met,Not Met,0,Not Met,Not Met,0,Not Met,Not Met,1,Met,0,Not Met,0.5,Met,Not Met,Met,Met,0,Not Met,Not Met,Not Met,0,Not Met,Not Met,Not Met,0,Not Met,Not Met,0,Not Met,Not Met,Not Met,Not Met,0.5,Met,Met,Not Met,Not Met,0.5,Met,Not Met,0,Not Met,Not Met,Not Met,0.5,Met,Not Met,Met,Not Met,0,Not Met,Not Met,Not Met,Not Met
Renault,FR0000131906,Automotive,12,1,Met,1,Met,Met,0,Not Met,Not Met,2,Met,Not Met,2,Met,Not Met,0,Not Met,Not Met,1,Met,1,Met,0.5,Met,Not Met,Met,Met,0,Not Met,Not Met,Not Met,0,Not Met,Not Met,Not Met,0.5,Met,Not Met,0.5,Met,Met,Not Met,Not Met,0.5,Met,Met,Met,Not Met,0.5,Met,Not Met,0,Not Met,Not Met,Not Met,1,Met,Met,Met,Met,0.5,Not Met,Met,Not Met,Not Met
Repsol,ES0173516115,Oil and Gas,14,1,Met,1,Met,Met,1,Met,Met,2,Met,Not Met,2,Met,Not Met,0.5,Not Met,Met,1,Met,1,Met,1,Met,Met,Met,Met,0,Not Met,Not Met,Not Met,0,Not Met,Not Met,Not Met,0,Not Met,Not Met,0.5,Met,Met,Not Met,Not Met,1,Met,Met,Met,Met,0,Not Met,Not Met,1,Met,Met,Met,0.5,Met,Not Met,Met,Met,0.5,Met,Met,Not Met,Met
Rosneft,RU000A0J2Q06,Oil and Gas,9,1,Met,1,Met,Met,0,Not Met,Not Met,0,Not Met,Not Met,0,Not Met,Not Met,0,Not Met,Not Met,1,Met,1,Met,0.5,Met,Not Met,Met,Not Met,0,Not Met,Not Met,Not Met,0.5,Met,Not Met,Not Met,0.5,Met,Not Met,0.5,Not Met,Met,Not Met,Not Met,0,Not Met,Not Met,Not Met,Not Met,1,Met,Met,0.5,Met,Not Met,Met,1,Met,Met,Met,Met,0.5,Met,Met,Not Met,Not Met
Royal Dutch Shell,GB00B03MLX29,Oil and Gas,13,1,Met,1,Met,Met,1,Met,Met,0,Not Met,Not Met,2,Met,Not Met,1,Met,Met,1,Met,1,Met,0.5,Met,Not Met,Met,Not Met,0,Not Met,Not Met,Not Met,0,Not Met,Not Met,Not Met,0,Not Met,Not Met,0.5,Not Met,Met,Not Met,Not Met,0.5,Met,Met,Met,Not Met,1,Met,Met,1,Met,Met,Met,1,Met,Met,Met,Met,0.5,Met,Met,Not Met,Met
RWE,DE0007037129,Electric Utilities,8,1,Met,1,Met,Met,0,Not Met,Not Met,0,Not Met,Not Met,0,Not Met,Not Met,0,Not Met,Not Met,1,Met,1,Met,0.5,Met,Not Met,Met,Not Met,0,Not Met,Not Met,Not Met,0,Not Met,Not Met,Not Met,0.5,Met,Not Met,0.5,Met,Met,Not Met,Not Met,0.5,Met,Met,Met,Not Met,0,Not Met,Not Met,0.5,Met,Met,Not Met,1,Met,Met,Met,Met,0.5,Not Met,Met,Not Met,Not Met
SAIC Motor,CNE000000TY6,Automotive,0.5,0,Not Met,0,Not Met,Not Met,0,Not Met,Not Met,0,Not Met,Not Met,0,Not Met,Not Met,0,Not Met,Not Met,0,Not Met,0,Not Met,0,Not Met,Not Met,Not Met,Not Met,0,Not Met,Not Met,Not Met,0,Not Met,Not Met,Not Met,0,Not Met,Not Met,0.5,Met,Met,Not Met,Not Met,0,Not Met,Not Met,Not Met,Not Met,0,Not Met,Not Met,0,Not Met,Not Met,Not Met,0,Not Met,Not Met,Not Met,Not Met,0,Not Met,Not Met,Not Met,Not Met
Santos,AU000000STO6,Oil and Gas,5.5,1,Met,0,Not Met,Not Met,0,Not Met,Not Met,0,Not Met,Not Met,0,Not Met,Not Met,0,Not Met,Not Met,1,Met,1,Met,0.5,Met,Not Met,Not Met,Not Met,0,Not Met,Not Met,Not Met,0,Not Met,Not Met,Not Met,0,Not Met,Not Met,0.5,Met,Met,Not Met,Not Met,0.5,Not Met,Not Met,Met,Not Met,0,Not Met,Not Met,0.5,Not Met,Not Met,Met,0.5,Met,Not Met,Met,Met,0,Not Met,Not Met,Not Met,Not Met
Saras,IT0000433307,Oil and Gas,3.5,1,Met,0,Not Met,Not Met,0,Not Met,Not Met,0,Not Met,Not Met,0,Not Met,Not Met,0,Not Met,Not Met,0,Not Met,0,Not Met,0.5,Met,Not Met,Met,Not Met,0,Not Met,Not Met,Not Met,0,Not Met,Not Met,Not Met,0,Not Met,Not Met,0.5,Met,Met,Not Met,Not Met,0.5,Not Met,Not Met,Met,Not Met,0.5,Met,Not Met,0,Not Met,Not Met,Not Met,0.5,Met,Met,Met,Not Met,0,Not Met,Not Met,Not Met,Not Met
Sasol,ZAE000006896,Oil and Gas,8.5,1,Met,1,Met,Met,0,Not Met,Not Met,0,Not Met,Not Met,0,Not Met,Not Met,0,Not Met,Not Met,1,Met,1,Met,0.5,Met,Not Met,Met,Met,0.5,Met,Not Met,Met,0,Not Met,Not Met,Not Met,0,Not Met,Not Met,0.5,Not Met,Met,Met,Not Met,0.5,Not Met,Met,Met,Not Met,0.5,Met,Not Met,0.5,Met,Not Met,Not Met,1,Met,Met,Met,Met,0.5,Met,Not Met,Not Met,Not Met
Saudi Aramco (SABIC),SA14TG012N13,Oil and Gas,2,0,Not Met,0,Not Met,Not Met,0,Not Met,Not Met,0,Not Met,Not Met,0,Not Met,Not Met,0,Not Met,Not Met,0,Not Met,0,Not Met,0.5,Met,Not Met,Met,Met,0,Not Met,Not Met,Not Met,0,Not Met,Not Met,Not Met,0,Not Met,Not Met,0.5,Not Met,Met,Not Met,Not Met,0,Not Met,Not Met,Not Met,Not Met,0.5,Met,Not Met,0,Not Met,Not Met,Not Met,0.5,Met,Not Met,Met,Met,0,Not Met,Not Met,Not Met,Not Met
Saudi Electricity Company (SEC),SA0007879550,Electric Utilities,4.5,1,Met,0,Not Met,Not Met,0,Not Met,Not Met,0,Not Met,Not Met,0,Not Met,Not Met,0,Not Met,Not Met,1,Met,1,Met,0.5,Met,Not Met,Not Met,Met,0,Not Met,Not Met,Not Met,0,Not Met,Not Met,Not Met,0,Not Met,Not Met,0.5,Not Met,Met,Not Met,Not Met,0,Not Met,Not Met,Not Met,Not Met,0,Not Met,Not Met,0,Not Met,Not Met,Met,0.5,Not Met,Not Met,Not Met,Met,0,Not Met,Not Met,Not Met,Not Met
Shaanxi Yanchang Petroleum Group,CNE000001329,Oil and Gas,0,0,Not Met,0,Not Met,Not Met,0,Not Met,Not Met,0,Not Met,Not Met,0,Not Met,Not Met,0,Not Met,Not Met,0,Not Met,0,Not Met,0,Not Met,Not Met,Not Met,Not Met,0,Not Met,Not Met,Not Met,0,Not Met,Not Met,Not Met,0,Not Met,Not Met,0,Not Met,Not Met,Not Met,Not Met,0,Not Met,Not Met,Not Met,Not Met,0,Not Met,Not Met,0,Not Met,Not Met,Not Met,0,Not Met,Not Met,Not Met,Not Met,0,Not Met,Not Met,Not Met,Not Met
Sinochem Energy,0,Oil and Gas,0,0,Not Met,0,Not Met,Not Met,0,Not Met,Not Met,0,Not Met,Not Met,0,Not Met,Not Met,0,Not Met,Not Met,0,Not Met,0,Not Met,0,Not Met,Not Met,Not Met,Not Met,0,Not Met,Not Met,Not Met,0,Not Met,Not Met,Not Met,0,Not Met,Not Met,0,Not Met,Not Met,Not Met,Not Met,0,Not Met,Not Met,Not Met,Not Met,0,Not Met,Not Met,0,Not Met,Not Met,Not Met,0,Not Met,Not Met,Not Met,Not Met,0,Not Met,Not Met,Not Met,Not Met
SK Innovation,KR7096770003,Oil and Gas,10.5,0,Not Met,0,Not Met,Not Met,0.5,Met,Not Met,2,Not Met,Met,2,Met,Not Met,0.5,Met,Not Met,1,Met,1,Met,0.5,Met,Not Met,Met,Met,0,Not Met,Not Met,Not Met,0,Not Met,Not Met,Not Met,0.5,Met,Not Met,0.5,Not Met,Met,Not Met,Not Met,0.5,Met,Not Met,Not Met,Not Met,0,Not Met,Not Met,0.5,Met,Not Met,Met,0.5,Not Met,Not Met,Not Met,Met,0.5,Not Met,Met,Not Met,Not Met
Sonangol,0,Oil and Gas,2.5,0,Not Met,0,Not Met,Not Met,0,Not Met,Not Met,0,Not Met,Not Met,0,Not Met,Not Met,0,Not Met,Not Met,1,Met,0,Not Met,0.5,Met,Not Met,Not Met,Not Met,0,Not Met,Not Met,Not Met,0,Not Met,Not Met,Not Met,0,Not Met,Not Met,0,Not Met,Not Met,Not Met,Not Met,0,Not Met,Not Met,Not Met,Not Met,0,Not Met,Not Met,0,Not Met,Not Met,Not Met,0.5,Met,Not Met,Not Met,Not Met,0.5,Not Met,Met,Not Met,Not Met
Sonatrach,0,Oil and Gas,0,0,Not Met,0,Not Met,Not Met,0,Not Met,Not Met,0,Not Met,Not Met,0,Not Met,Not Met,0,Not Met,Not Met,0,Not Met,0,Not Met,0,Not Met,Not Met,Not Met,Not Met,0,Not Met,Not Met,Not Met,0,Not Met,Not Met,Not Met,0,Not Met,Not Met,0,Not Met,Not Met,Not Met,Not Met,0,Not Met,Not Met,Not Met,Not Met,0,Not Met,Not Met,0,Not Met,Not Met,Not Met,0,Not Met,Not Met,Not Met,Not Met,0,Not Met,Not Met,Not Met,Not Met
Southern Company,US8425871071,Electric Utilities,5,0,Not Met,0,Not Met,Not Met,0,Not Met,Not Met,0,Not Met,Not Met,0,Not Met,Not Met,0,Not Met,Not Met,1,Met,1,Met,0.5,Met,Not Met,Met,Not Met,0,Not Met,Not Met,Not Met,0,Not Met,Not Met,Not Met,0,Not Met,Not Met,0.5,Not Met,Met,Met,Not Met,0,Not Met,Not Met,Not Met,Not Met,0.5,Met,Not Met,0.5,Not Met,Not Met,Met,0.5,Met,Not Met,Not Met,Met,0.5,Met,Not Met,Not Met,Not Met
SSE,GB0007908733,Electric Utilities,9.5,1,Met,1,Met,Met,0,Not Met,Not Met,0,Not Met,Not Met,0,Not Met,Not Met,0,Not Met,Not Met,1,Met,1,Met,0.5,Met,Not Met,Met,Met,1,Met,Met,Met,0,Not Met,Not Met,Not Met,0.5,Met,Not Met,0.5,Not Met,Met,Not Met,Not Met,0.5,Not Met,Met,Met,Not Met,0.5,Met,Not Met,1,Met,Met,Met,0.5,Met,Not Met,Not Met,Met,0.5,Met,Met,Not Met,Not Met
State Oil Company of Azerbaijan Republic (SOCAR),0,Oil and Gas,5.5,0,Not Met,0,Not Met,Not Met,0,Not Met,Not Met,0,Not Met,Not Met,0,Not Met,Not Met,0,Not Met,Not Met,1,Met,1,Met,0.5,Met,Not Met,Not Met,Not Met,0,Not Met,Not Met,Not Met,0,Not Met,Not Met,Not Met,0.5,Met,Not Met,0.5,Met,Met,Not Met,Met,0,Not Met,Not Met,Not Met,Not Met,0.5,Met,Not Met,0,Not Met,Not Met,Not Met,1,Met,Met,Met,Met,0.5,Not Met,Met,Not Met,Not Met
State Power Investment Corporation (SPIC),0,Electric Utilities,0.5,0,Not Met,0,Not Met,Not Met,0,Not Met,Not Met,0,Not Met,Not Met,0,Not Met,Not Met,0,Not Met,Not Met,0,Not Met,0,Not Met,0,Not Met,Not Met,Not Met,Not Met,0,Not Met,Not Met,Not Met,0,Not Met,Not Met,Not Met,0.5,Met,Not Met,0,Not Met,Not Met,Not Met,Not Met,0,Not Met,Not Met,Not Met,Not Met,0,Not Met,Not Met,0,Not Met,Not Met,Not Met,0,Not Met,Not Met,Not Met,Not Met,0,Not Met,Not Met,Not Met,Not Met
Subaru,JP3814800003,Automotive,4.5,1,Met,0.5,Met,Not Met,0,Not Met,Not Met,0,Not Met,Not Met,0,Not Met,Not Met,0,Not Met,Not Met,1,Met,0,Not Met,0.5,Met,Not Met,Met,Not Met,0,Not Met,Not Met,Not Met,0,Not Met,Not Met,Not Met,0,Not Met,Not Met,0.5,Not Met,Met,Not Met,Not Met,0.5,Met,Met,Not Met,Not Met,0.5,Met,Not Met,0,Not Met,Not Met,Not Met,0,Not Met,Not Met,Not Met,Not Met,0,Not Met,Not Met,Not Met,Not Met
Suncor Energy,CA8672241079,Oil and Gas,6.5,1,Met,0.5,Met,Not Met,0,Not Met,Not Met,0,Not Met,Not Met,0,Not Met,Not Met,0,Not Met,Not Met,1,Met,1,Met,0.5,Met,Not Met,Met,Met,0,Not Met,Not Met,Not Met,0,Not Met,Not Met,Not Met,0.5,Met,Not Met,0.5,Not Met,Met,Not Met,Not Met,0.5,Not Met,Met,Met,Met,0.5,Met,Not Met,0,Not Met,Not Met,Not Met,0.5,Met,Not Met,Met,Met,0,Not Met,Not Met,Not Met,Not Met
Surgutneftegas,RU0008926258,Oil and Gas,1.5,1,Met,0,Not Met,Not Met,0,Not Met,Not Met,0,Not Met,Not Met,0,Not Met,Not Met,0,Not Met,Not Met,0,Not Met,0,Not Met,0,Not Met,Not Met,Not Met,Not Met,0,Not Met,Not Met,Not Met,0,Not Met,Not Met,Not Met,0,Not Met,Not Met,0,Not Met,Not Met,Not Met,Not Met,0,Not Met,Not Met,Not Met,Not Met,0,Not Met,Not Met,0,Not Met,Not Met,Not Met,0.5,Met,Not Met,Met,Not Met,0,Not Met,Not Met,Not Met,Not Met
Suzuki,JP3397200001,Automotive,3.5,1,Met,0,Not Met,Not Met,0,Not Met,Not Met,0,Not Met,Not Met,0,Not Met,Not Met,0,Not Met,Not Met,0,Not Met,0,Not Met,0.5,Met,Not Met,Not Met,Not Met,0,Not Met,Not Met,Not Met,0,Not Met,Not Met,Not Met,0,Not Met,Not Met,0.5,Not Met,Met,Not Met,Not Met,0.5,Not Met,Met,Not Met,Not Met,1,Met,Met,0,Not Met,Not Met,Not Met,0,Not Met,Not Met,Not Met,Not Met,0,Not Met,Not Met,Not Met,Not Met
Taiwan Power Company,TW0009963009,Electric Utilities,1.5,0,Not Met,0,Not Met,Not Met,0,Not Met,Not Met,0,Not Met,Not Met,0,Not Met,Not Met,0,Not Met,Not Met,0,Not Met,0,Not Met,0.5,Not Met,Met,Not Met,Not Met,0,Not Met,Not Met,Not Met,0,Not Met,Not Met,Not Met,0.5,Met,Not Met,0.5,Not Met,Met,Not Met,Not Met,0,Not Met,Not Met,Not Met,Not Met,0,Not Met,Not Met,0,Not Met,Not Met,Not Met,0,Not Met,Not Met,Not Met,Not Met,0,Not Met,Not Met,Not Met,Not Met
Targa Resources,US87612G1013,Oil and Gas,5,0,Not Met,0,Not Met,Not Met,0,Not Met,Not Met,0,Not Met,Not Met,0,Not Met,Not Met,0,Not Met,Not Met,1,Met,1,Met,0.5,Met,Not Met,Met,Met,0,Not Met,Not Met,Not Met,0,Not Met,Not Met,Not Met,0.5,Met,Not Met,0.5,Met,Met,Not Met,Not Met,0,Not Met,Not Met,Not Met,Not Met,0.5,Met,Not Met,0.5,Not Met,Not Met,Met,0.5,Met,Not Met,Met,Met,0,Not Met,Not Met,Not Met,Not Met
Tata Motors,INE155A01022,Automotive,5.5,1,Met,0,Not Met,Not Met,0,Not Met,Not Met,0,Not Met,Not Met,0,Not Met,Not Met,0,Not Met,Not Met,1,Met,1,Met,0.5,Met,Not Met,Met,Met,0,Not Met,Not Met,Not Met,0,Not Met,Not Met,Not Met,0,Not Met,Not Met,0.5,Not Met,Met,Not Met,Not Met,0,Not Met,Not Met,Not Met,Not Met,0.5,Met,Not Met,0,Not Met,Not Met,Not Met,0.5,Met,Not Met,Met,Met,0.5,Met,Met,Not Met,Not Met
Tatneft,0,Oil and Gas,4,0,Not Met,0.5,Met,Not Met,0,Not Met,Not Met,0,Not Met,Not Met,0,Not Met,Not Met,0,Not Met,Not Met,1,Met,1,Met,0.5,Met,Not Met,Not Met,Not Met,0,Not Met,Not Met,Not Met,0,Not Met,Not Met,Not Met,0,Not Met,Not Met,0.5,Met,Met,Not Met,Not Met,0,Not Met,Not Met,Not Met,Not Met,0,Not Met,Not Met,0,Not Met,Not Met,Not Met,0.5,Not Met,Met,Not Met,Not Met,0,Not Met,Not Met,Not Met,Not Met
Tenaga Nasional,MYL5347OO009,Electric Utilities,6,0,Not Met,0,Not Met,Not Met,0,Not Met,Not Met,0,Not Met,Not Met,0,Not Met,Not Met,0,Not Met,Not Met,1,Met,1,Met,0.5,Met,Not Met,Not Met,Not Met,0,Not Met,Not Met,Not Met,0,Not Met,Not Met,Not Met,0.5,Met,Not Met,0.5,Met,Met,Not Met,Not Met,0.5,Not Met,Not Met,Met,Not Met,1,Met,Met,0,Not Met,Not Met,Not Met,1,Met,Met,Met,Met,0,Not Met,Not Met,Not Met,Not Met
Tesla,US88160R1014,Automotive,2.5,1,Met,0,Not Met,Not Met,0,Not Met,Not Met,0,Not Met,Not Met,0,Not Met,Not Met,0,Not Met,Not Met,1,Met,0,Met,0.5,Met,Not Met,Met,Not Met,0,Not Met,Not Met,Not Met,0,Not Met,Not Met,Met,0,Not Met,Not Met,0,Not Met,Not Met,Not Met,Not Met,0,Not Met,Not Met,Not Met,Not Met,0,Not Met,Not Met,0,Not Met,Not Met,Not Met,0,Met,Not Met,Met,Met,0,Not Met,Not Met,Not Met,Not Met
Tohoku Electric Power,JP3605400005,Electric Utilities,3,1,Met,0,Not Met,Not Met,0,Not Met,Not Met,0,Not Met,Not Met,0,Not Met,Not Met,0,Not Met,Not Met,0,Not Met,0,Not Met,0,Not Met,Not Met,Not Met,Not Met,0,Not Met,Not Met,Not Met,0,Not Met,Not Met,Not Met,0,Not Met,Not Met,0.5,Not Met,Met,Not Met,Not Met,0.5,Met,Met,Not Met,Not Met,0.5,Met,Not Met,0.5,Not Met,Not Met,Met,0,Not Met,Not Met,Not Met,Not Met,0,Not Met,Not Met,Not Met,Not Met
Tokyo Electric Power Company (TEPCO),JP3585800000,Electric Utilities,1.5,0,Not Met,0,Not Met,Not Met,0,Not Met,Not Met,0,Not Met,Not Met,0,Not Met,Not Met,0,Not Met,Not Met,0,Not Met,0,Not Met,0.5,Met,Not Met,Not Met,Not Met,0,Not Met,Not Met,Not Met,0,Not Met,Not Met,Not Met,0,Not Met,Not Met,0.5,Not Met,Met,Not Met,Not Met,0.5,Met,Met,Not Met,Not Met,0,Not Met,Not Met,0,Not Met,Not Met,Not Met,0,Not Met,Not Met,Not Met,Not Met,0,Not Met,Not Met,Not Met,Not Met
Total,FR0000120271,Oil and Gas,15,1,Met,1,Met,Met,1,Met,Met,2,Met,Not Met,2,Met,Not Met,0.5,Met,Not Met,1,Met,1,Met,1,Met,Met,Met,Met,0.5,Not Met,Not Met,Met,0,Not Met,Not Met,Not Met,0.5,Met,Not Met,0.5,Not Met,Met,Not Met,Not Met,0.5,Met,Met,Met,Not Met,0.5,Met,Not Met,1,Met,Met,Met,1,Met,Met,Met,Met,0,Not Met,Not Met,Not Met,Not Met
Toyota Motor Corporation,JP3633400001,Automotive,6.5,1,Met,0,Not Met,Not Met,0.5,Not Met,Met,0,Not Met,Not Met,0,Not Met,Not Met,0,Not Met,Not Met,1,Met,1,Met,0.5,Met,Not Met,Met,Met,0,Not Met,Not Met,Not Met,0,Not Met,Not Met,Not Met,0.5,Met,Not Met,0.5,Met,Met,Not Met,Not Met,0.5,Not Met,Met,Not Met,Not Met,0,Not Met,Not Met,0.5,Met,Met,Not Met,0.5,Met,Not Met,Met,Not Met,0,Not Met,Not Met,Not Met,Not Met
Türkiye Petrol Rafinerileri,TRATUPRS91E8,Oil and Gas,8.5,1,Met,1,Met,Met,0,Not Met,Not Met,0,Not Met,Not Met,0,Not Met,Not Met,0.5,Met,Not Met,1,Met,1,Met,0.5,Met,Not Met,Met,Met,0,Not Met,Not Met,Not Met,0,Not Met,Not Met,Not Met,0.5,Met,Not Met,0.5,Not Met,Met,Not Met,Not Met,0.5,Met,Met,Not Met,Not Met,0.5,Met,Not Met,0,Not Met,Not Met,Not Met,1,Met,Met,Met,Met,0.5,Not Met,Met,Not Met,Not Met
TurkmenGaz,0,Oil and Gas,0,0,Not Met,0,Not Met,Not Met,0,Not Met,Not Met,0,Not Met,Not Met,0,Not Met,Not Met,0,Not Met,Not Met,0,Not Met,0,Not Met,0,Not Met,Not Met,Not Met,Not Met,0,Not Met,Not Met,Not Met,0,Not Met,Not Met,Not Met,0,Not Met,Not Met,0,Not Met,Not Met,Not Met,Not Met,0,Not Met,Not Met,Not Met,Not Met,0,Not Met,Not Met,0,Not Met,Not Met,Not Met,0,Not Met,Not Met,Not Met,Not Met,0,Not Met,Not Met,Not Met,Not Met
Ultrapar,BRUGPAACNOR8,Oil and Gas,8,1,Met,1,Met,Met,0,Not Met,Not Met,0,Not Met,Not Met,0,Not Met,Not Met,0,Not Met,Not Met,1,Met,1,Met,0.5,Met,Met,Met,Not Met,0,Not Met,Not Met,Not Met,0,Not Met,Not Met,Not Met,0.5,Met,Not Met,1,Met,Met,Met,Met,0.5,Not Met,Not Met,Not Met,Met,0.5,Met,Not Met,0,Not Met,Not Met,Not Met,1,Met,Met,Met,Met,0,Not Met,Not Met,Not Met,Not Met
Valero Energy,US91913Y1001,Oil and Gas,6.5,1,Met,0,Not Met,Not Met,0,Not Met,Not Met,0,Not Met,Not Met,0,Not Met,Not Met,0,Not Met,Not Met,1,Met,1,Met,0.5,Met,Not Met,Met,Met,0,Not Met,Not Met,Not Met,0,Not Met,Not Met,Not Met,0.5,Met,Not Met,0.5,Not Met,Met,Met,Not Met,0.5,Met,Not Met,Not Met,Not Met,0.5,Met,Not Met,0,Not Met,Not Met,Not Met,0.5,Met,Not Met,Met,Met,0.5,Met,Not Met,Not Met,Met
Varo Energy,0,Oil and Gas,1.5,0,Not Met,0,Not Met,Not Met,0,Not Met,Not Met,0,Not Met,Not Met,0,Not Met,Not Met,0,Not Met,Not Met,0,Not Met,0,Not Met,0.5,Met,Not Met,Not Met,Not Met,0,Not Met,Not Met,Not Met,0,Not Met,Not Met,Not Met,0,Not Met,Not Met,0,Not Met,Not Met,Not Met,Not Met,0,Not Met,Not Met,Not Met,Not Met,0.5,Met,Not Met,0,Not Met,Not Met,Not Met,0.5,Met,Not Met,Not Met,Not Met,0,Not Met,Not Met,Not Met,Not Met
Vattenfall,0,Electric Utilities,10.5,1,Met,0.5,Not Met,Met,0.5,Not Met,Met,0,Not Met,Not Met,2,Met,Not Met,0,Not Met,Not Met,1,Met,1,Met,1,Met,Met,Met,Met,0,Not Met,Not Met,Not Met,0,Not Met,Not Met,Not Met,0.5,Met,Not Met,0.5,Met,Met,Not Met,Not Met,0.5,Not Met,Not Met,Met,Not Met,0.5,Met,Not Met,0.5,Met,Not Met,Not Met,0.5,Met,Not Met,Met,Met,0.5,Not Met,Met,Not Met,Not Met
Vistra Energy Corp,US92840M1027,Electric Utilities,6.5,1,Met,0.5,Met,Not Met,0,Not Met,Not Met,0,Not Met,Not Met,0,Not Met,Not Met,0,Not Met,Not Met,1,Met,1,Met,0.5,Met,Not Met,Met,Met,0,Not Met,Not Met,Not Met,0,Not Met,Not Met,Not Met,0.5,Met,Not Met,0.5,Not Met,Met,Met,Not Met,0.5,Not Met,Not Met,Met,Met,0,Not Met,Not Met,0,Not Met,Not Met,Not Met,0.5,Met,Not Met,Met,Met,0.5,Met,Not Met,Not Met,Met
Viva Energy Group,AU0000016875,Oil and Gas,7,1,Met,0,Not Met,Not Met,0,Not Met,Not Met,0,Not Met,Not Met,0,Not Met,Not Met,0,Not Met,Not Met,1,Met,1,Met,0.5,Met,Not Met,Not Met,Met,0,Not Met,Not Met,Not Met,0,Not Met,Not Met,Not Met,0,Not Met,Not Met,0.5,Not Met,Met,Not Met,Not Met,0.5,Not Met,Met,Not Met,Not Met,0.5,Met,Not Met,1,Met,Met,Met,0.5,Met,Not Met,Met,Met,0.5,Met,Met,Not Met,Not Met
Volkswagen AG,DE0007664039,Automotive,6.5,1,Met,0.5,Met,Not Met,0,Not Met,Not Met,0,Not Met,Not Met,0,Not Met,Not Met,0,Not Met,Not Met,1,Met,1,Met,0.5,Met,Not Met,Met,Met,0,Not Met,Not Met,Not Met,0,Not Met,Not Met,Not Met,0,Not Met,Not Met,0.5,Met,Met,Not Met,Not Met,0.5,Not Met,Met,Met,Not Met,0.5,Met,Not Met,0,Met,Not Met,Not Met,0.5,Met,Not Met,Not Met,Met,0.5,Met,Met,Not Met,Not Met
Woodside Petroleum,AU000000WPL2,Oil and Gas,12,1,Met,0,Not Met,Not Met,1,Met,Met,2,Met,,2,Not Met,Met,0.5,Met,Not Met,1,Met,1,Met,0.5,Met,Not Met,Met,Not Met,0,Not Met,Not Met,Not Met,0,Not Met,Not Met,Not Met,0,Not Met,Not Met,0.5,Not Met,Met,Not Met,Not Met,0.5,Not Met,Not Met,Met,Not Met,1,Met,Met,0.5,Met,Not Met,Not Met,0.5,Met,Not Met,Met,Met,0,Not Met,Not Met,Not Met,Not Met
Xcel Energy,US98389B1008,Electric Utilities,5,1,Met,0,Not Met,Not Met,0,Not Met,Not Met,0,Not Met,Not Met,0,Not Met,Not Met,0,Not Met,Not Met,1,Met,1,Met,0.5,Met,Not Met,Met,Met,0,Not Met,Not Met,Not Met,0,Not Met,Not Met,Not Met,0,Not Met,Not Met,0.5,Met,Met,Not Met,Met,0,Not Met,Not Met,Not Met,Not Met,0,Not Met,Not Met,0,Not Met,Not Met,Not Met,0.5,Met,Not Met,Not Met,Met,0.5,Met,Not Met,Met,Met
YPF,ARP9897X1319,Oil and Gas,8,1,Met,0,Not Met,Not Met,0,Not Met,Not Met,0,Not Met,Not Met,0,Not Met,Not Met,0.5,Met,Not Met,1,Met,1,Met,0.5,Met,Not Met,Met,Met,0,Not Met,Not Met,Not Met,0,Not Met,Not Met,Not Met,0.5,Met,Not Met,0.5,Met,Met,Not Met,Not Met,0.5,Met,Met,Not Met,Met,0.5,Met,Not Met,0.5,Not Met,Not Met,Met,1,Met,Met,Met,Met,0.5,Not Met,Met,Not Met,Not Met
Zhejiang Geely Holding Group (Volvo Cars),0,Automotive,3,0,Not Met,0,Not Met,Not Met,0,Not Met,Not Met,0,Not Met,Not Met,0,Not Met,Not Met,0,Not Met,Not Met,1,Met,1,Met,0,Not Met,Not Met,Not Met,Not Met,0,Not Met,Not Met,Not Met,0,Not Met,Not Met,Not Met,0,Not Met,Not Met,0.5,Not Met,Met,Not Met,Not Met,0,Not Met,Not Met,Not Met,Not Met,0,Not Met,Not Met,0,Not Met,Not Met,Not Met,0.5,Not Met,Not Met,Not Met,Met,0,Not Met,Not Met,Not Met,Not Met
