Company Name,ISIN,Industry,Total score (max. 16),1a,1b,1c,1d,JT1,2a,2b,2c,2d,JT2,3a,3b,3c,3d,JT3,4a,4b,4c,4d,JT4,5a,5b,5c,5d,JT5,6a,6b,6c,6d,JT6
Abu Dhabi National Oil Company (ADNOC),0,Oil and Gas,0.5,0,0,0,0,0,0,0,0,0,0,0,0,0.5,0,0.5,0,0,0,0,0,0,0,0,0,0,0,0,0,0,0
AES Corporation,US00130H1059,Electric Utilities,8,0,1,1,1,3,1,0,0,0,1,0.5,0,0.5,0.5,1.5,0,0,0.5,0.5,1,0,0,0.5,0.5,1,0,0,0.5,0,0.5
AGL Energy,AU000000AGL7,Electric Utilities,1,0,0,0,0,0,0,0,0,0,0,0,0,0.5,0,0.5,0.5,0,0,0,0.5,0,0,0,0,0,0,0,0,0,0
American Electric Power (AEP),US0255371017,Electric Utilities,9,0,1,1,0,2,0,1,1,0,2,0.5,0.5,0.5,0.5,2,0.5,0,0.5,0.5,1.5,0,0,0.5,0.5,1,0,0,0,0.5,0.5
Ampol Limited,AU0000088338,Oil and Gas,2,0,0,0,0,0,0,0,0,0,0,0,0,0.5,0.5,1,0,0,0.5,0.5,1,0,0,0,0,0,0,0,0,0,0
Anhui Jianghuai Automobile Group,CNE0000018M9,Automotive,0,0,0,0,0,0,0,0,0,0,0,0,0,0,0,0,0,0,0,0,0,0,0,0,0,0,0,0,0,0,0
Apache Corporation,US0374111054,Oil and Gas,2,0,0,0,0,0,0,0,0,0,0,0,0,0.5,0.5,1,0,0,0.5,0.5,1,0,0,0,0,0,0,0,0,0,0
Basra Oil Company (BOC),0,Oil and Gas,0,0,0,0,0,0,0,0,0,0,0,0,0,0,0,0,0,0,0,0,0,0,0,0,0,0,0,0,0,0,0
Beijing Automotive Group (BAIC),CNE100001TJ4,Automotive,0,0,0,0,0,0,0,0,0,0,0,0,0,0,0,0,0,0,0,0,0,0,0,0,0,0,0,0,0,0,0
Bharat Petroleum Corporation,INE029A01011,Oil and Gas,3,1,0,0,0,1,0,0,0,0,0,0,0,0.5,0.5,1,0,0,0.5,0.5,1,0,0,0,0,0,0,0,0,0,0
BHP Group,AU000000BHP4,Oil and Gas,5.5,0,1,1,0,2,0,0,0,0,0,0,0,0.5,0.5,1,0,0,0.5,0.5,1,0.5,0,0,0.5,1,0.5,0,0,0,0.5
BMW,DE0005190003,Automotive,3,1,0,0,0,1,0,0,0,0,0,0,0,0.5,0.5,1,0,0,0.5,0.5,1,0,0,0,0,0,0,0,0,0,0
BP,GB0007980591,Oil and Gas,12,1,1,1,0,3,1,1,1,1,4,0.5,0,0.5,0.5,1.5,0.5,0,0.5,0.5,1.5,0.5,0,0,0,0.5,0.5,0,0.5,0.5,1.5
BYD,CNE100001526,Automotive,1.5,0,0,0,0,0,0,0,0,0,0,0,0,0.5,0.5,1,0,0,0.5,0,0.5,0,0,0,0,0,0,0,0,0,0
California Resources Corporation,US13057Q3056,Oil and Gas,2,0,0,0,0,0,0,0,0,0,0,0,0,0.5,0.5,1,0,0,0.5,0.5,1,0,0,0,0,0,0,0,0,0,0
Canadian Natural Resources,CA1363851017,Oil and Gas,1.5,0,0,0,0,0,0,0,0,0,0,0,0,0,0.5,0.5,0,0,0.5,0.5,1,0,0,0,0,0,0,0,0,0,0
Cenovus Energy,CA15135U1093,Oil and Gas,1,0,0,0,0,0,0,0,0,0,0,0,0,0,0.5,0.5,0,0,0,0.5,0.5,0,0,0,0,0,0,0,0,0,0
CEZ Group,CZ0005112300,Electric Utilities,3,1,0,0,0,1,0,0,0,0,0,0,0,0,0.5,0.5,0.5,0,0,0.5,1,0,0,0.5,0,0.5,0,0,0,0,0
Changan Automobile,CNE000000R36,Automotive,0,0,0,0,0,0,0,0,0,0,0,0,0,0,0,0,0,0,0,0,0,0,0,0,0,0,0,0,0,0,0
Chesapeake Energy Corp,US1651677437,Oil and Gas,0,0,0,0,0,0,0,0,0,0,0,0,0,0,0,0,0,0,0,0,0,0,0,0,0,0,0,0,0,0,0
Chevron Corporation,US1667641005,Oil and Gas,2.5,0,0,0,0,0,0,0,0,0,0,0,0,0.5,0.5,1,0,0,0.5,0.5,1,0,0,0,0,0,0.5,0,0,0,0.5
China Datang Corp,0,Electric Utilities,0,0,0,0,0,0,0,0,0,0,0,0,0,0,0,0,0,0,0,0,0,0,0,0,0,0,0,0,0,0,0
China Energy Investment Group (CHN Energy) ,CA92143B1004,Electric Utilities,0,0,0,0,0,0,0,0,0,0,0,0,0,0,0,0,0,0,0,0,0,0,0,0,0,0,0,0,0,0,0
China FAW Group (FAW Car Company),0,Automotive,0,0,0,0,0,0,0,0,0,0,0,0,0,0,0,0,0,0,0,0,0,0,0,0,0,0,0,0,0,0,0
China Huadian Corporation,CNE000001LJ2,Electric Utilities,0,0,0,0,0,0,0,0,0,0,0,0,0,0,0,0,0,0,0,0,0,0,0,0,0,0,0,0,0,0,0
China Huaneng Group,KYG2116D1198,Electric Utilities,2,0,0,0,0,0,0,0,0,0,0,0,0,0.5,0.5,1,0,0,0.5,0.5,1,0,0,0,0,0,0,0,0,0,0
China National Offshore Oil Corporation (CNOOC Group),0,Oil and Gas,1,1,0,0,0,1,0,0,0,0,0,0,0,0,0,0,0,0,0,0,0,0,0,0,0,0,0,0,0,0,0
China National Petroleum Corporation (CNPC),0,Oil and Gas,2,0,0,0,0,0,0,0,0,0,0,0,0,0.5,0.5,1,0,0,0.5,0.5,1,0,0,0,0,0,0,0,0,0,0
China Petroleum and Chemical Corporation Limited (Sinopec),CNE0000018G1,Oil and Gas,2.5,1,0,0,0,1,0,0,0,0,0,0,0,0.5,0.5,1,0,0,0.5,0,0.5,0,0,0,0,0,0,0,0,0,0
China Three Gorges,CNE000001G87,Electric Utilities,3,0,0,0,0,0,0,0,0,0,0,0.5,0,0.5,0.5,1.5,0.5,0,0.5,0.5,1.5,0,0,0,0,0,0,0,0,0,0
Chubu Electric Power,JP3526600006,Electric Utilities,1,0,0,0,0,0,0,0,0,0,0,0,0,0,0.5,0.5,0,0,0,0.5,0.5,0,0,0,0,0,0,0,0,0,0
Chugoku Electric Power Company,JP3522200009,Electric Utilities,2,1,0,0,0,1,0,0,0,0,0,0,0,0,0.5,0.5,0,0,0,0.5,0.5,0,0,0,0,0,0,0,0,0,0
CLP Holdings,HK0002007356,Electric Utilities,2.5,0,0,0,0,0,0,0,0,0,0,0,0,0.5,0.5,1,0.5,0,0.5,0.5,1.5,0,0,0,0,0,0,0,0,0,0
Comision Federal de Electricidad (CFE),0,Electric Utilities,0,0,0,0,0,0,0,0,0,0,0,0,0,0,0,0,0,0,0,0,0,0,0,0,0,0,0,0,0,0,0
Compania Espanola de Petroleos SAU (CEPSA),ES0132580319,Oil and Gas,2,0,0,0,0,0,0,0,0,0,0,0,0,0.5,0.5,1,0,0,0.5,0.5,1,0,0,0,0,0,0,0,0,0,0
ConocoPhillips,US20825C1045,Oil and Gas,1.5,0,0,0,0,0,0,0,0,0,0,0,0,0,0.5,0.5,0,0,0.5,0.5,1,0,0,0,0,0,0,0,0,0,0
Cosmo Energy Holdings,JP3298000005,Oil and Gas,1,1,0,0,0,1,0,0,0,0,0,0,0,0,0,0,0,0,0,0,0,0,0,0,0,0,0,0,0,0,0
"CPC Corporation, Taiwan",0,Oil and Gas,3,1,0,0,0,1,0,0,0,0,0,0,0,0.5,0.5,1,0,0,0.5,0.5,1,0,0,0,0,0,0,0,0,0,0
Daimler,DE0007100000,Automotive,6.5,1,0,1,0,2,0,1,0,0,1,0.5,0,0.5,0.5,1.5,0.5,0,0.5,0.5,1.5,0,0.5,0,0,0.5,0,0,0,0,0
Devon Energy Corp,US25179M1036,Oil and Gas,1.5,0,0,0,0,0,0,0,0,0,0,0,0,0,0.5,0.5,0,0,0.5,0.5,1,0,0,0,0,0,0,0,0,0,0
Dominion Energy,US25746U1097,Electric Utilities,2.5,0,0,0,0,0,0,0,0,0,0,0.5,0,0.5,0.5,1.5,0.5,0,0.5,0,1,0,0,0,0,0,0,0,0,0,0
Dongfeng Motor Group,CNE100000312,Automotive,1.5,0,0,0,0,0,0,0,0,0,0,0,0,0.5,0.5,1,0,0,0.5,0,0.5,0,0,0,0,0,0,0,0,0,0
Duke Energy,US26441C2044,Electric Utilities,4.5,0,0,1,0,1,0,0,0,0,0,0.5,0.5,0.5,0.5,2,0,0,0.5,0.5,1,0,0,0,0,0,0.5,0,0,0,0.5
E.ON,DE000ENAG999,Electric Utilities,5.5,1,1,1,0,3,0,0,0,0,0,0,0,0,0.5,0.5,0.5,0,0.5,0.5,1.5,0,0,0,0,0,0,0,0,0.5,0.5
Ecopetrol,COC04PA00016,Oil and Gas,3.5,1,0,0,0,1,0,0,0,0,0,0,0,0.5,0.5,1,0.5,0,0.5,0.5,1.5,0,0,0,0,0,0,0,0,0,0
EDP Energias de Portugal,PTEDP0AM0009,Electric Utilities,7.5,1,0,0,0,1,0,0,1,1,2,0.5,0.5,0.5,0.5,2,0.5,0,0.5,0.5,1.5,0,0,0.5,0.5,1,0,0,0,0,0
Egyptian Electricity Holding Company (EEHC),0,Electric Utilities,0,0,0,0,0,0,0,0,0,0,0,0,0,0,0,0,0,0,0,0,0,0,0,0,0,0,0,0,0,0,0
Egyptian General Petroleum Corporation (EGPC),0,Oil and Gas,0,0,0,0,0,0,0,0,0,0,0,0,0,0,0,0,0,0,0,0,0,0,0,0,0,0,0,0,0,0,0
Électricité de France (EDF),FR0010242511,Electric Utilities,12,1,1,1,1,4,1,1,1,0,3,0.5,0.5,0.5,0.5,2,0.5,0.5,0.5,0.5,2,0,0,0.5,0.5,1,0,0,0,0,0
Electricity Generating Authority of Thailand,TH0863010003,Electric Utilities,0,0,0,0,0,0,0,0,0,0,0,0,0,0,0,0,0,0,0,0,0,0,0,0,0,0,0,0,0,0,0
Eletrobras,BRELETACNPB7,Electric Utilities,3,1,0,0,0,1,0,0,0,0,0,0,0,0,0.5,0.5,0,0,0.5,0.5,1,0,0,0,0.5,0.5,0,0,0,0,0
Emirates National Oil Company (ENOC),0,Oil and Gas,1.5,0,0,0,0,0,0,0,0,0,0,0.5,0,0,0.5,1,0,0,0.5,0,0.5,0,0,0,0,0,0,0,0,0,0
EnBW Energie Baden-Wuerttemberg,DE0005220008,Electric Utilities,5,1,0,0,0,1,1,0,0,0,1,0.5,0,0.5,0.5,1.5,0.5,0,0.5,0.5,1.5,0,0,0,0,0,0,0,0,0,0
Enel,IT0003128367,Electric Utilities,12,1,1,1,1,4,1,1,0,0,2,0.5,0,0.5,0.5,1.5,0.5,0,0.5,0.5,1.5,0.5,0,0.5,0.5,1.5,0.5,0,0.5,0.5,1.5
ENEOS Holdings,JP3386450005,Oil and Gas,2.5,1,0,0,0,1,0,0,0,0,0,0,0,0,0.5,0.5,0,0,0.5,0.5,1,0,0,0,0,0,0,0,0,0,0
ENGIE,FR0010208488,Oil and Gas,12,1,1,1,1,4,1,1,1,0,3,0.5,0.5,0.5,0.5,2,0.5,0.5,0.5,0.5,2,0,0,0,0,0,0.5,0,0.5,0,1
ENGIE,FR0010208488,Electric Utilities,12,1,1,1,1,4,1,1,1,0,3,0.5,0.5,0.5,0.5,2,0.5,0.5,0.5,0.5,2,0,0,0,0,0,0.5,0,0.5,0,1
Eni,IT0003132476,Oil and Gas,9,1,1,1,1,4,0,0,1,0,1,0.5,0,0,0.5,1,0.5,0,0.5,0.5,1.5,0,0.5,0,0.5,1,0.5,0,0,0,0.5
Enterprise Products Partners ,US2937921078,Oil and Gas,1.5,0,0,0,0,0,0,0,0,0,0,0,0,0,0.5,0.5,0,0,0.5,0.5,1,0,0,0,0,0,0,0,0,0,0
EOG Resources,US26875P1012,Oil and Gas,1.5,0,0,0,0,0,0,0,0,0,0,0,0,0,0.5,0.5,0,0,0.5,0.5,1,0,0,0,0,0,0,0,0,0,0
Equinor,NO0010096985,Oil and Gas,2.5,0,0,0,0,0,0,0,0,0,0,0,0,0,0.5,0.5,0.5,0,0,0.5,1,0,0,0,0.5,0.5,0.5,0,0,0,0.5
Eskom Holdings,US2964634099,Electric Utilities,3,1,0,0,0,1,0,0,0,0,0,0.5,0,0.5,0,1,0.5,0,0.5,0,1,0,0,0,0,0,0,0,0,0,0
Exelon Corporation,US30161N1019,Electric Utilities,3.5,0,0,0,0,0,0,0,0,0,0,0.5,0,0.5,0.5,1.5,0.5,0,0.5,0.5,1.5,0,0,0,0,0,0,0,0.5,0,0.5
Exxon Mobil,US30231G1022,Oil and Gas,2,0,0,0,0,0,0,0,0,0,0,0,0,0,0.5,0.5,0,0,0.5,0.5,1,0,0,0,0,0,0.5,0,0,0,0.5
Fiat Chrysler Automobiles,NL0010877643,Automotive,3,1,0,0,0,1,0,0,0,0,0,0,0,0.5,0.5,1,0,0,0.5,0.5,1,0,0,0,0,0,0,0,0,0,0
Ford,US3453708600,Automotive,3.5,1,0,0,0,1,0,0,0,0,0,0.5,0,0.5,0.5,1.5,0,0,0.5,0.5,1,0,0,0,0,0,0,0,0,0,0
Formosa Petrochemical Corp,TW0006505001,Oil and Gas,2,0,0,0,0,0,0,0,0,0,0,0,0,0.5,0.5,1,0,0,0.5,0.5,1,0,0,0,0,0,0,0,0,0,0
Fortum,FI0009007132,Electric Utilities,2.5,1,0,0,0,1,0,0,0,0,0,0,0,0,0.5,0.5,0,0,0,0.5,0.5,0,0,0,0,0,0.5,0,0,0,0.5
GAIL (India),INE129A01019,Oil and Gas,2.5,0,0,0,0,0,0,0,0,0,0,0.5,0,0.5,0.5,1.5,0,0,0.5,0.5,1,0,0,0,0,0,0,0,0,0,0
Galp Energia,PTGAL0AM0009,Oil and Gas,4,0,0,0,0,0,0,0,0,0,0,0,0,0.5,0.5,1,0,0,0.5,0.5,1,0,0,0,0.5,0.5,0.5,0,0.5,0.5,1.5
Gazprom,RU0007661625,Oil and Gas,2.5,1,0,0,0,1,0,0,0,0,0,0,0,0,0.5,0.5,0,0,0.5,0.5,1,0,0,0,0,0,0,0,0,0,0
General Motors Corporation (GM),US37045V1008,Automotive,6.5,0,0,1,0,1,0,1,0,1,2,0.5,0,0.5,0.5,1.5,0.5,0,0.5,0.5,1.5,0,0,0,0,0,0,0,0,0.5,0.5
Great Wall Motor Company,CNE1000018V8,Automotive,0,0,0,0,0,0,0,0,0,0,0,0,0,0,0,0,0,0,0,0,0,0,0,0,0,0,0,0,0,0,0
Groupe PSA,FR0000121501,Automotive,5.5,1,0,0,1,2,1,0,0,0,1,0,0.5,0.5,0.5,1.5,0,0,0.5,0.5,1,0,0,0,0,0,0,0,0,0,0
GS Holdings,0,Oil and Gas,0,0,0,0,0,0,0,0,0,0,0,0,0,0,0,0,0,0,0,0,0,0,0,0,0,0,0,0,0,0,0
Guangzhou Automobile Group,CNE100001NQ2,Automotive,0,0,0,0,0,0,0,0,0,0,0,0,0,0,0,0,0,0,0,0,0,0,0,0,0,0,0,0,0,0,0
Hellenic Petroleum,GRS298343005,Oil and Gas,2.5,0,0,0,0,0,0,0,0,0,0,0.5,0,0.5,0.5,1.5,0,0,0.5,0.5,1,0,0,0,0,0,0,0,0,0,0
Hess Corporation ,US42809H1077,Oil and Gas,1.5,0,0,0,0,0,0,0,0,0,0,0,0,0.5,0.5,1,0,0,0,0.5,0.5,0,0,0,0,0,0,0,0,0,0
Holly Frontier,US4361061082,Oil and Gas,1,0,0,0,0,0,0,0,0,0,0,0,0,0.5,0.5,1,0,0,0,0,0,0,0,0,0,0,0,0,0,0,0
Honda Motor,JP3854600008,Automotive,3,0,0,0,0,0,0,0,1,0,1,0,0,0.5,0.5,1,0,0,0.5,0.5,1,0,0,0,0,0,0,0,0,0,0
Hyundai Motor Company,KR7000720003,Automotive,1,0,0,0,0,0,0,0,0,0,0,0,0,0.5,0,0.5,0,0,0.5,0,0.5,0,0,0,0,0,0,0,0,0,0
Iberdrola,ES0144580Y14,Electric Utilities,8,1,1,1,0,3,0,0,0,0,0,0.5,0,0.5,0.5,1.5,0.5,0.5,0.5,0.5,2,0,0.5,0.5,0.5,1.5,0,0,0,0,0
Idemitsu Kosan,JP3142500002,Oil and Gas,3,1,0,0,0,1,0,0,0,0,0,0,0,0.5,0.5,1,0,0,0.5,0.5,1,0,0,0,0,0,0,0,0,0,0
Indian Oil Corporation (IndianOil),INE242A01010,Oil and Gas,2.5,1,0,0,0,1,0,0,0,0,0,0,0,0,0.5,0.5,0,0,0.5,0.5,1,0,0,0,0,0,0,0,0,0,0
Inpex,JP3294460005,Oil and Gas,2,0,0,0,0,0,0,0,0,0,0,0,0,0.5,0.5,1,0,0,0.5,0.5,1,0,0,0,0,0,0,0,0,0,0
Inter RAO,RU000A0JPNM1,Electric Utilities,4,1,0,0,0,1,0,0,0,0,0,0.5,0,0.5,0.5,1.5,0.5,0,0.5,0.5,1.5,0,0,0,0,0,0,0,0,0,0
Kansai Electric Power Company (KEPCO),JP3228600007,Electric Utilities,1,0,0,0,0,0,0,0,0,0,0,0,0,0,0.5,0.5,0,0,0,0.5,0.5,0,0,0,0,0,0,0,0,0,0
Kia Motors Corporation,KR7000270009,Automotive,2,1,0,0,0,1,0,0,0,0,0,0,0,0.5,0,0.5,0,0,0.5,0,0.5,0,0,0,0,0,0,0,0,0,0
Korea Electric Power Corporation (KEPCO/Hanjeon),KR7015760002,Electric Utilities,3,0,0,0,0,0,0,0,0,0,0,0.5,0,0.5,0.5,1.5,0.5,0,0.5,0.5,1.5,0,0,0,0,0,0,0,0,0,0
Kuwait Petroleum Corporation (Q8),0,Oil and Gas,2,0,0,0,0,0,0,0,0,0,0,0,0,0.5,0.5,1,0,0,0.5,0.5,1,0,0,0,0,0,0,0,0,0,0
Kyushu Electric Power,JP3246400000,Electric Utilities,1.5,0,0,0,0,0,0,0,0,0,0,0,0,0,0.5,0.5,0,0,0.5,0.5,1,0,0,0,0,0,0,0,0,0,0
Lukoil,RU0009024277,Oil and Gas,2,1,0,0,0,1,0,0,0,0,0,0,0,0.5,0.5,1,0,0,0,0,0,0,0,0,0,0,0,0,0,0,0
Mahindra & Mahindra (Automotive),INE101A01026,Automotive,2,0,0,0,0,0,0,0,0,0,0,0,0,0.5,0.5,1,0,0,0.5,0.5,1,0,0,0,0,0,0,0,0,0,0
Marathon Oil ,US5658491064,Oil and Gas,1.5,0,0,0,0,0,0,0,0,0,0,0,0,0,0.5,0.5,0,0,0.5,0.5,1,0,0,0,0,0,0,0,0,0,0
Marathon Petroleum Corporation,US56585A1025,Oil and Gas,3.5,0,0,0,0,0,0,0,0,0,0,0.5,0,0.5,0.5,1.5,0,0,0.5,0.5,1,0,0,0.5,0,0.5,0.5,0,0,0,0.5
Mazda Motor Corporation,JP3868400007,Automotive,2,0,0,0,0,0,0,0,0,0,0,0,0,0.5,0.5,1,0,0,0.5,0.5,1,0,0,0,0,0,0,0,0,0,0
Mitsubishi Motors Corporation,JP3899800001,Automotive,2.5,1,0,0,0,1,0,0,0,0,0,0,0,0.5,0.5,1,0,0,0,0.5,0.5,0,0,0,0,0,0,0,0,0,0
MOL Magyar Olajes Gazipari Nyrt,HU0000153937,Oil and Gas,2.5,0,0,0,0,0,0,0,0,0,0,0.5,0,0.5,0.5,1.5,0,0,0.5,0.5,1,0,0,0,0,0,0,0,0,0,0
Naftogaz,0,Oil and Gas,3,1,0,0,0,1,0,0,0,0,0,0.5,0,0.5,0.5,1.5,0,0,0.5,0,0.5,0,0,0,0,0,0,0,0,0,0
National Iranian Oil Company (NIOC),0,Oil and Gas,0,0,0,0,0,0,0,0,0,0,0,0,0,0,0,0,0,0,0,0,0,0,0,0,0,0,0,0,0,0,0
National Oil Corporation of Libya,CA92143B1004,Oil and Gas,0,0,0,0,0,0,0,0,0,0,0,0,0,0,0,0,0,0,0,0,0,0,0,0,0,0,0,0,0,0,0
Naturgy Energy ,ES0116870314,Oil and Gas,3,1,0,0,0,1,0,0,0,0,0,0,0,0.5,0.5,1,0,0,0.5,0.5,1,0,0,0,0,0,0,0,0,0,0
Neste,FI0009013296,Oil and Gas,2.5,0,0,0,0,0,0,0,0,0,0,0,0.5,0.5,0.5,1.5,0,0,0.5,0.5,1,0,0,0,0,0,0,0,0,0,0
Nextera Energy,US65339F1012,Electric Utilities,3,0,0,0,0,0,0,0,0,0,0,0.5,0,0.5,0.5,1.5,0,0,0.5,0.5,1,0,0,0,0,0,0,0,0,0.5,0.5
NGL Energy Partners,US62913M1071,Oil and Gas,0.5,0,0,0,0,0,0,0,0,0,0,0,0,0,0.5,0.5,0,0,0,0,0,0,0,0,0,0,0,0,0,0,0
Nigerian National Petroleum Corporation (NNPC),0,Oil and Gas,0,0,0,0,0,0,0,0,0,0,0,0,0,0,0,0,0,0,0,0,0,0,0,0,0,0,0,0,0,0,0
Nissan Motor Company,JP3672400003,Automotive,1.5,1,0,0,0,1,0,0,0,0,0,0,0,0.5,0,0.5,0,0,0,0,0,0,0,0,0,0,0,0,0,0,0
NK KazMunayGaz,KZ1C00001122,Oil and Gas,1.5,1,0,0,0,1,0,0,0,0,0,0,0,0.5,0,0.5,0,0,0,0,0,0,0,0,0,0,0,0,0,0,0
Novatek ,RU000A0DKVS5,Oil and Gas,2.5,1,0,0,0,1,0,0,0,0,0,0,0,0.5,0.5,1,0,0,0,0.5,0.5,0,0,0,0,0,0,0,0,0,0
NTPC,INE733E01010,Electric Utilities,2.5,1,0,0,0,1,0,0,0,0,0,0,0,0,0.5,0.5,0,0,0.5,0.5,1,0,0,0,0,0,0,0,0,0,0
Occidental Petroleum,US6745991058,Oil and Gas,0.5,0,0,0,0,0,0,0,0,0,0,0,0,0.5,0,0.5,0,0,0,0,0,0,0,0,0,0,0,0,0,0,0
Oil and Natural Gas Corporation (ONGC),INE213A01029,Oil and Gas,0,0,0,0,0,0,0,0,0,0,0,0,0,0,0,0,0,0,0,0,0,0,0,0,0,0,0,0,0,0,0
OMV,AT0000743059,Oil and Gas,3,0,0,0,0,0,0,0,0,0,0,0.5,0,0.5,0.5,1.5,0,0,0.5,0.5,1,0,0,0,0.5,0.5,0,0,0,0,0
Origin Energy,AU000000ORG5,Oil and Gas,2,0,0,0,0,0,0,0,0,0,0,0,0,0.5,0.5,1,0,0,0.5,0.5,1,0,0,0,0,0,0,0,0,0,0
Origin Energy,AU000000ORG5,Electric Utilities,2,0,0,0,0,0,0,0,0,0,0,0,0,0.5,0.5,1,0,0,0.5,0.5,1,0,0,0,0,0,0,0,0,0,0
Ørsted,DK0060094928,Electric Utilities,4.5,0,1,0,1,2,0,0,0,0,0,0.5,0,0.5,0.5,1.5,0,0,0.5,0.5,1,0,0,0,0,0,0,0,0,0,0
Pacific Gas and Electric (PG&E),US69331C1080,Electric Utilities,5,0,0,0,0,0,0,1,1,0,2,0.5,0,0.5,0.5,1.5,0.5,0,0.5,0,1,0,0,0,0.5,0.5,0,0,0,0,0
PBF Energy,US69318G1067,Oil and Gas,0,0,0,0,0,0,0,0,0,0,0,0,0,0,0,0,0,0,0,0,0,0,0,0,0,0,0,0,0,0,0
Pertamina,0,Oil and Gas,2.5,1,0,0,0,1,0,0,0,0,0,0,0,0.5,0.5,1,0,0,0,0.5,0.5,0,0,0,0,0,0,0,0,0,0
Perusahaan Listrik Negara (PLN),0,Electric Utilities,1,1,0,0,0,1,0,0,0,0,0,0,0,0,0,0,0,0,0,0,0,0,0,0,0,0,0,0,0,0,0
Petroecuador,0,Oil and Gas,0,0,0,0,0,0,0,0,0,0,0,0,0,0,0,0,0,0,0,0,0,0,0,0,0,0,0,0,0,0,0
Petroleo Brasileiro (Petrobras),BRPETRACNPR6,Oil and Gas,4,1,0,0,0,1,0,0,0,0,0,0.5,0,0.5,0.5,1.5,0.5,0,0.5,0.5,1.5,0,0,0,0,0,0,0,0,0,0
Petroleos de Venezuela (PDVSA),VEV000571001,Oil and Gas,0,0,0,0,0,0,0,0,0,0,0,0,0,0,0,0,0,0,0,0,0,0,0,0,0,0,0,0,0,0,0
Petroleos Mexicanos (Pemex),0,Oil and Gas,0,0,0,0,0,0,0,0,0,0,0,0,0,0,0,0,0,0,0,0,0,0,0,0,0,0,0,0,0,0,0
Petroleum Development Oman,0,Oil and Gas,2,0,0,0,0,0,0,0,0,0,0,0,0,0.5,0.5,1,0,0,0.5,0.5,1,0,0,0,0,0,0,0,0,0,0
Petroliam Nasional Bhd (PETRONAS),0,Oil and Gas,3.5,0,0,0,0,0,1,0,0,0,1,0,0,0.5,0.5,1,0.5,0,0.5,0.5,1.5,0,0,0,0,0,0,0,0,0,0
PetroSA,0,Oil and Gas,2,0,0,0,0,0,0,0,0,0,0,0,0,0.5,0.5,1,0,0,0.5,0.5,1,0,0,0,0,0,0,0,0,0,0
Phillips 66,US7185461040,Oil and Gas,3.5,1,0,0,0,1,0,0,0,0,0,0.5,0,0.5,0.5,1.5,0,0,0.5,0.5,1,0,0,0,0,0,0,0,0,0,0
Pioneer Natural Resources,US7237871071,Oil and Gas,1.5,0,0,0,0,0,0,0,0,0,0,0,0,0.5,0.5,1,0,0,0.5,0,0.5,0,0,0,0,0,0,0,0,0,0
Polski Koncern Naftowy Orlen (PKN Orlen),PLPKN0000018,Oil and Gas,2.5,1,0,0,0,1,0,0,0,0,0,0,0,0,0.5,0.5,0,0,0.5,0.5,1,0,0,0,0,0,0,0,0,0,0
PTT,TH0646010Z00,Oil and Gas,3,1,0,0,0,1,0,0,0,0,0,0,0,0,0.5,0.5,0,0,0.5,0.5,1,0,0.5,0,0,0.5,0,0,0,0,0
Qatar Petroleum,0,Oil and Gas,2.5,0,0,0,0,0,0,0,0,0,0,0,0,0.5,0.5,1,0,0,0.5,0.5,1,0,0,0,0,0,0.5,0,0,0,0.5
Reliance Industries,INE002A01018,Oil and Gas,1.5,0,0,0,0,0,0,0,0,0,0,0,0,0,0.5,0.5,0,0,0.5,0.5,1,0,0,0,0,0,0,0,0,0,0
Renault,FR0000131906,Automotive,5,1,1,0,0,2,0,1,0,0,1,0,0,0.5,0.5,1,0,0,0.5,0.5,1,0,0,0,0,0,0,0,0,0,0
Repsol,ES0173516115,Oil and Gas,4,1,0,0,0,1,0,0,0,0,0,0.5,0,0.5,0.5,1.5,0,0,0.5,0.5,1,0,0,0,0,0,0.5,0,0,0,0.5
Rosneft,RU000A0J2Q06,Oil and Gas,5,1,1,0,0,2,0,0,0,0,0,0.5,0,0.5,0.5,1.5,0.5,0,0.5,0.5,1.5,0,0,0,0,0,0,0,0,0,0
Royal Dutch Shell,GB00B03MLX29,Oil and Gas,7,0,1,1,0,2,0,0,0,0,0,0.5,0,0.5,0.5,1.5,0.5,0,0.5,0.5,1.5,0.5,0.5,0,0,1,0.5,0,0.5,0,1
RWE,DE0007037129,Electric Utilities,10.5,1,1,1,1,4,1,0,1,0,2,0.5,0.5,0.5,0.5,2,0.5,0,0.5,0.5,1.5,0,0,0,0.5,0.5,0.5,0,0,0,0.5
SAIC Motor,CNE000000TY6,Automotive,0.5,0,0,0,0,0,0,0,0,0,0,0,0,0,0,0,0,0,0.5,0,0.5,0,0,0,0,0,0,0,0,0,0
Santos,AU000000STO6,Oil and Gas,2.5,0,0,0,0,0,0,0,0,0,0,0.5,0,0.5,0.5,1.5,0,0,0.5,0.5,1,0,0,0,0,0,0,0,0,0,0
Saras,IT0000433307,Oil and Gas,2,0,0,0,0,0,0,0,0,0,0,0,0,0.5,0.5,1,0,0,0.5,0.5,1,0,0,0,0,0,0,0,0,0,0
Sasol,ZAE000006896,Oil and Gas,7,1,1,0,0,2,1,0,0,0,1,0.5,0,0.5,0.5,1.5,0.5,0,0.5,0.5,1.5,0,0,0,0.5,0.5,0.5,0,0,0,0.5
Saudi Aramco (SABIC),SA14TG012N13,Oil and Gas,2,0,0,0,0,0,0,0,0,0,0,0,0,0.5,0.5,1,0,0,0.5,0.5,1,0,0,0,0,0,0,0,0,0,0
Saudi Electricity Company (SEC),SA0007879550,Electric Utilities,4.5,0,0,0,0,0,0,0,1,1,2,0,0,0.5,0.5,1,0,0,0.5,0.5,1,0,0,0,0.5,0.5,0,0,0,0,0
Shaanxi Yanchang Petroleum Group ,CNE000001329,Oil and Gas,1.5,0,0,0,0,0,0,0,0,0,0,0,0,0,0.5,0.5,0,0,0.5,0.5,1,0,0,0,0,0,0,0,0,0,0
Sinochem Energy,0,Oil and Gas,0,0,0,0,0,0,0,0,0,0,0,0,0,0,0,0,0,0,0,0,0,0,0,0,0,0,0,0,0,0,0
SK Innovation,KR7096770003,Oil and Gas,3,1,0,0,0,1,0,0,0,0,0,0,0,0.5,0.5,1,0,0,0.5,0.5,1,0,0,0,0,0,0,0,0,0,0
Sonangol,0,Oil and Gas,0,0,0,0,0,0,0,0,0,0,0,0,0,0,0,0,0,0,0,0,0,0,0,0,0,0,0,0,0,0,0
Sonatrach,0,Oil and Gas,0,0,0,0,0,0,0,0,0,0,0,0,0,0,0,0,0,0,0,0,0,0,0,0,0,0,0,0,0,0,0
Southern Company,US8425871071,Electric Utilities,5,0,1,0,0,1,1,0,0,0,1,0,0,0.5,0.5,1,0.5,0,0.5,0.5,1.5,0,0,0,0,0,0.5,0,0,0,0.5
SSE,GB0007908733,Electric Utilities,14,1,1,1,1,4,1,1,1,1,4,0.5,0.5,0.5,0.5,2,0.5,0,0.5,0.5,1.5,0.5,0.5,0,0.5,1.5,0.5,0,0.5,0,1
State Oil Company of Azerbaijan Republic (SOCAR),0,Oil and Gas,0,0,0,0,0,0,0,0,0,0,0,0,0,0,0,0,0,0,0,0,0,0,0,0,0,0,0,0,0,0,0
State Power Investment Corporation (SPIC),0,Electric Utilities,0,0,0,0,0,0,0,0,0,0,0,0,0,0,0,0,0,0,0,0,0,0,0,0,0,0,0,0,0,0,0
Subaru,JP3814800003,Automotive,3,1,0,0,0,1,0,0,0,0,0,0,0,0,0.5,0.5,0,0,0.5,0.5,1,0,0,0,0.5,0.5,0,0,0,0,0
Suncor Energy,CA8672241079,Oil and Gas,3,0,1,0,0,1,0,0,0,0,0,0,0,0.5,0.5,1,0,0,0.5,0.5,1,0,0,0,0,0,0,0,0,0,0
Surgutneftegas,RU0008926258,Oil and Gas,0,0,0,0,0,0,0,0,0,0,0,0,0,0,0,0,0,0,0,0,0,0,0,0,0,0,0,0,0,0,0
Suzuki,JP3397200001,Automotive,2,1,0,0,0,1,0,0,0,0,0,0,0,0,0.5,0.5,0,0,0.5,0,0.5,0,0,0,0,0,0,0,0,0,0
Taiwan Power Company,TW0009963009,Electric Utilities,1,1,0,0,0,1,0,0,0,0,0,0,0,0,0,0,0,0,0,0,0,0,0,0,0,0,0,0,0,0,0
Targa Resources,US87612G1013,Oil and Gas,2,0,0,0,0,0,0,0,0,0,0,0,0,0.5,0.5,1,0,0,0.5,0.5,1,0,0,0,0,0,0,0,0,0,0
Tata Motors,INE155A01022,Automotive,2.5,0,0,0,0,0,0,0,0,0,0,0,0,0.5,0.5,1,0.5,0,0.5,0.5,1.5,0,0,0,0,0,0,0,0,0,0
Tatneft,0,Oil and Gas,3,1,0,1,0,2,0,0,0,0,0,0,0,0,0.5,0.5,0,0,0,0.5,0.5,0,0,0,0,0,0,0,0,0,0
Tenaga Nasional,MYL5347OO009,Electric Utilities,3.5,1,0,0,0,1,0,0,0,0,0,0,0,0.5,0.5,1,0.5,0,0.5,0.5,1.5,0,0,0,0,0,0,0,0,0,0
Tesla,US88160R1014,Automotive,4.5,0,0,0,0,0,0,0,0,0,0,0.5,0.5,0.5,0.5,2,0.5,0,0.5,0.5,1.5,0,0,0.5,0.5,1,0,0,0,0,0
Tohoku Electric Power,JP3605400005,Electric Utilities,1,0,0,0,0,0,0,0,0,0,0,0,0,0,0.5,0.5,0,0,0.5,0,0.5,0,0,0,0,0,0,0,0,0,0
Tokyo Electric Power Company (TEPCO),JP3585800000,Electric Utilities,1.5,0,0,0,0,0,0,0,0,0,0,0.5,0,0.5,0,1,0,0,0,0.5,0.5,0,0,0,0,0,0,0,0,0,0
Total,FR0000120271,Oil and Gas,5.5,1,0,1,0,2,0,0,0,0,0,0,0,0.5,0.5,1,0.5,0,0.5,0.5,1.5,0.5,0,0,0,0.5,0.5,0,0,0,0.5
Toyota Motor Corporation,JP3633400001,Automotive,2,1,0,0,0,1,0,0,0,0,0,0,0,0,0,0,0,0,0.5,0.5,1,0,0,0,0,0,0,0,0,0,0
Türkiye Petrol Rafinerileri ,TRATUPRS91E8,Oil and Gas,2.5,1,0,0,0,1,0,0,0,0,0,0,0,0,0.5,0.5,0,0,0.5,0.5,1,0,0,0,0,0,0,0,0,0,0
TurkmenGaz,0,Oil and Gas,0,0,0,0,0,0,0,0,0,0,0,0,0,0,0,0,0,0,0,0,0,0,0,0,0,0,0,0,0,0,0
Ultrapar,BRUGPAACNOR8,Oil and Gas,1,0,0,0,0,0,0,0,0,0,0,0,0,0,0.5,0.5,0,0,0,0.5,0.5,0,0,0,0,0,0,0,0,0,0
Valero Energy,US91913Y1001,Oil and Gas,1.5,0,0,0,0,0,0,0,0,0,0,0,0,0,0.5,0.5,0,0,0.5,0.5,1,0,0,0,0,0,0,0,0,0,0
Varo Energy,0,Oil and Gas,0,0,0,0,0,0,0,0,0,0,0,0,0,0,0,0,0,0,0,0,0,0,0,0,0,0,0,0,0,0,0
Vattenfall,0,Electric Utilities,4,0,0,1,0,1,0,0,0,0,0,0.5,0,0.5,0.5,1.5,0,0,0.5,0.5,1,0,0,0,0.5,0.5,0,0,0,0,0
Vistra Energy Corp,US92840M1027,Electric Utilities,4.5,0,0,0,0,0,0,0,0,0,0,0.5,0,0.5,0.5,1.5,0.5,0,0.5,0.5,1.5,0,0,0.5,0.5,1,0.5,0,0,0,0.5
Viva Energy Group,AU0000016875,Oil and Gas,1,0,0,0,0,0,0,0,0,0,0,0,0,0.5,0.5,1,0,0,0,0,0,0,0,0,0,0,0,0,0,0,0
Volkswagen AG,DE0007664039,Automotive,5.5,1,0,0,0,1,1,0,0,0,1,0.5,0.5,0.5,0.5,2,0.5,0,0.5,0.5,1.5,0,0,0,0,0,0,0,0,0,0
Woodside Petroleum,AU000000WPL2,Oil and Gas,4,0,0,1,0,1,0,0,0,0,0,0,0,0.5,0.5,1,0.5,0,0.5,0.5,1.5,0,0,0,0,0,0.5,0,0,0,0.5
Xcel Energy ,US98389B1008,Electric Utilities,7,1,1,0,1,3,1,0,0,0,1,0.5,0,0.5,0.5,1.5,0.5,0,0.5,0.5,1.5,0,0,0,0,0,0,0,0,0,0
YPF,ARP9897X1319,Oil and Gas,2.5,0,0,0,0,0,0,0,0,0,0,0.5,0,0.5,0.5,1.5,0,0,0.5,0.5,1,0,0,0,0,0,0,0,0,0,0
Zhejiang Geely Holding Group (Volvo Cars) ,0,Automotive,1,0,0,0,0,0,0,0,0,0,0,0,0,0.5,0,0.5,0,0,0.5,0,0.5,0,0,0,0,0,0,0,0,0,0
