Company name,Headquarter (Country),ISIN,"Agricultural 
inputs","Agricultural products 
and commodities","Animal 
proteins","Food and beverage 
manufacturers/processors","Food 
retailers",Restaurants and food service,Rank,"Score
(0-100)","MA1
(out of 10)","MA2
(out of 30)","MA3
(out of 30)","MA4
(out of 30)",A1,A2,A3,B1,B2,B3,B4,B5,B6,B7,B8,B9,B10,B11,B12,C1,C2,C3,C4,C5,C6,D1,D2,D3,D4,D5,D6,D7,D8,D9,D10,D11,D12,D13,D14,D15,D16,D17,D18,D19,D20,D21,D22,D23,D24
Unilever,United Kingdom,GB00B10RZP78,No,No,No,Yes,No,No,1,71.7,10.0,20.5,17.5,23.7,2,2,2,2,2,1.5,N/A,1.5,1,1,1.5,1,1.5,1.5,0.5,2,1,1.5,1,0.5,1,1,1,1,1,1,1,1,1,0.5,1,0.5,1,0.5,0.5,1,1,1,0.5,0.5,1,1.5,1.5,1.5,1.5
Nestlé,Switzerland,CH0038863350,No,No,No,Yes,No,No,2,68.5,7.5,20.0,18.8,22.2,1.5,1.5,1.5,2,1,1.5,1.5,0.5,1.5,1,1.5,2,1.5,1.5,0.5,1,1,1.5,0.5,2,1.5,1,1,1,1,1,1,1,1,0.5,0.5,0.5,1,0.5,0.5,1,0.5,0.5,0.5,1.5,1,0,2,1.5,1.5
Danone,France,FR0000120644,No,No,No,Yes,No,No,3,63.6,8.3,22.5,16.3,16.5,2,1.5,1.5,1.5,1.5,1,1,1.5,2,2,1.5,2,1.5,1.5,1,2,1,1.5,0.5,1,0.5,1,1,1,1,1,0,1,1,0.5,0,0,0.5,0.5,0.5,1,0.5,1,0.5,0.5,1,0,0,1.5,0
OCP,Morocco,XS1061043011,Yes,No,No,No,No,No,4,56.8,7.5,18.8,15.0,15.6,1.5,1.5,1.5,1.5,1.5,N/A,N/A,N/A,1,1,2,N/A,0.5,N/A,N/A,1,1,N/A,N/A,1,N/A,1,1,1,1,0.5,0.5,1,1,0.5,0,0,0.5,0.5,0.5,1,0.5,1,0.5,0.5,0,0,0,2,0
Anheuser-Busch InBev,Belgium,BE0974293251,No,No,No,Yes,No,No,5,55.2,6.7,20.4,13.5,14.7,2,2,0,2,2,N/A,N/A,N/A,1,1,1.5,0.5,1.5,N/A,N/A,0.5,N/A,1.5,1.5,0.5,0.5,1,1,1,0,1,1,1,1,0.5,0,0,0,0.5,0.5,0.5,0,0.5,0,0.5,1,0,0,2,1.5
PepsiCo,United States of America,US7134481081,No,No,No,Yes,No,No,6,54.5,9.2,18.4,10.0,16.9,2,1.5,2,2,2,1,N/A,0,2,2,2,0.5,1.5,0.5,0,1,0,1,0.5,0.5,1,1,0.5,1,1,1,1,1,1,0.5,0,0.5,0.5,0.5,0.5,0.5,0,1,0.5,0.5,0.5,0,0,1,1.5
Tesco,United Kingdom,GB0008847096,No,No,No,Yes,Yes,No,7,53.6,5.0,16.9,12.5,19.2,1.5,1,0.5,2,1,1,1,1.5,1,0.5,0,2,1,1.5,1,1.5,1,1,1,0,0.5,1,1,1,1,1,1,1,1,0.5,0.5,0.5,0.5,0.5,0.5,1,0.5,0.5,0.5,0.5,1.5,0,1.5,1,0
Fonterra,New Zealand,NZFCGE0001S7,No,No,Yes,Yes,No,No,8,53.5,9.2,15.7,17.5,11.2,2,2,1.5,1.5,0.5,1.5,N/A,0.5,1.5,0.5,1.5,0.5,1,1.5,1,2,1,2,0.5,0.5,1,1,1,1,0,0,0,1,1,0.5,0,0,0,0.5,1,1,0.5,0.5,0.5,0.5,0,0,0,1,0.5
Diageo,United Kingdom,GB0002374006,No,No,No,Yes,No,No,9,53.0,10.0,18.2,7.5,17.2,2,2,2,1.5,1.5,N/A,N/A,N/A,1,1,1.5,0.5,1.5,N/A,N/A,0,N/A,0.5,1,0.5,0.5,1,1,1,1,1,1,1,1,0.5,0,0.5,1,0.5,0.5,1,0.5,1,0.5,0.5,0,0,0,1,0
Firmenich,Switzerland,XS2182055009,No,Yes,No,No,No,No,10,52.3,9.2,13.1,16.9,13.2,2,1.5,2,2,1,1,N/A,N/A,0.5,0.5,1.5,0,0.5,N/A,N/A,1.5,1,N/A,N/A,1,1,1,1,1,0,0,1,1,1,0.5,0.5,0,1,0.5,0.5,1,0,1,0.5,0.5,0,0,0,1,0.5
Kellogg's,United States of America,US4878361082,No,No,No,Yes,No,No,11,50.1,7.5,17.0,8.8,16.8,2,1,1.5,1.5,1,1,N/A,1,2,1,1,2,1.5,0.5,0,0.5,0,1,0.5,1,0.5,1,1,1,1,1,0,1,1,0.5,0,0.5,0.5,0.5,0.5,0.5,0.5,0.5,0.5,1,0.5,0,0,1,1.5
Coles Group,Australia,AU0000030678,No,No,No,Yes,Yes,No,12,49.6,6.7,12.5,11.3,19.2,1,1.5,1.5,1.5,1,1,1,0.5,0,0.5,0.5,1.5,1,1,0.5,1,0,1,1,1,0.5,1,1,1,1,1,1,1,1,0.5,0.5,0,0.5,0.5,0.5,1,0.5,0.5,0.5,0.5,1,0,1,1,1.5
The Coca-Cola Company,United States of America,US1912161007,No,No,No,Yes,No,No,13,47.5,7.5,14.3,10.0,15.7,2,1,1.5,1.5,1,0.5,N/A,0.5,1.5,1.5,1.5,0,1.5,1,0,0.5,0.5,1,0.5,0.5,1,1,1,1,1,1,1,1,1,0.5,0,0,0.5,0.5,0.5,0.5,0,1,0.5,0,0,0,0,1.5,0.5
Arla Foods,Denmark,,No,Yes,Yes,Yes,No,No,14,46.6,6.7,13.0,13.8,13.2,2,1,1,1.5,1.5,1,N/A,0.5,0,0.5,0,1.5,1.5,1,0.5,1.5,2,1,0.5,0,0.5,1,1,1,1,1,0,1,0,0.5,0.5,0,0,0.5,0.5,0.5,0.5,0.5,0.5,0.5,0,0,0,1,0
UPL,India,INE628A01036,Yes,No,No,No,No,No,15,45.4,5.8,11.8,15.0,12.7,1,1,1.5,1,0,N/A,N/A,N/A,1,1,1.5,0.5,0.5,N/A,N/A,1,1,N/A,N/A,1,N/A,1,0,1,1,1,1,1,1,0.5,0,0,0,0,0,0.5,0.5,0.5,0.5,0.5,0,0,0,1,0
Kerry Group,Ireland,IE0004906560,No,Yes,No,Yes,No,No,16,45.3,8.3,12.3,8.8,15.9,1.5,1.5,2,1.5,1,1,N/A,0.5,0.5,0.5,0.5,1.5,1,0.5,0.5,0.5,0.5,1,0.5,0,1,1,1,1,1,1,0.5,1,1,0.5,0,0,0,0,0.5,0.5,0.5,1,0.5,0.5,0,0,0,1.5,1.5
Sainsbury's,United Kingdom,GB00B019KW72,No,No,No,Yes,Yes,No,17,44.6,2.5,15.0,15.0,12.1,0.5,1,0,2,1,1,1,0.5,0.5,0.5,0.5,1,1.5,1.5,1,2,1,1.5,0.5,0,1,1,1,1,1,1,1,0,0,0,0.5,0,0,0,0.5,1,0,0,0,0,0.5,0,1,1,0
Heineken,Netherlands,NL0000009165,No,No,No,Yes,No,No,18,44.1,6.7,12.9,7.5,17.1,2,1.5,0.5,1.5,1,N/A,N/A,N/A,0.5,0.5,1.5,0.5,0.5,N/A,N/A,0.5,N/A,0.5,1.5,0,0,1,1,1,1,1,0.5,1,1,0.5,1,0,0.5,0,0.5,1,0.5,1,0.5,0.5,0,0,1,1,0
Orkla,Norway,NO0003733800,No,Yes,No,Yes,Yes,No,19,43.8,8.3,15.0,10.0,10.5,2,1.5,1.5,2,1,1,0.5,1.5,0.5,0,1,1.5,1.5,1,0.5,1,0,1.5,1,0,0.5,1,1,0,0,0,0.5,1,1,0.5,0,0.5,0,0.5,0.5,0.5,0.5,0.5,0,0.5,0.5,0,0,1,1
Carrefour,France,FR0000120172,No,No,No,Yes,Yes,No,20,43.5,7.5,14.4,7.5,14.2,2,1.5,1,1.5,1,1,1,0.5,1,1,0,1.5,1.5,1,0.5,0.5,0.5,1,0,0.5,0.5,1,0.5,1,1,1,0,1,0,0.5,0.5,0.5,0,0.5,0.5,1,0.5,0.5,0.5,0.5,0.5,0,0,1,0
DSM,Netherlands,NL0000009827,No,Yes,No,No,No,No,20,43.5,8.3,11.3,13.1,10.7,1.5,1.5,2,1.5,1.5,1,N/A,N/A,0,0,1,0.5,0.5,N/A,N/A,1,2,N/A,N/A,0,0.5,1,1,0.5,0,0,0,1,1,0.5,0.5,0,0,0.5,1,0.5,1,0.5,0.5,0.5,0,0,0,1,0
FrieslandCampina,Netherlands,,No,No,Yes,Yes,No,No,22,43.4,8.3,8.8,15.0,11.3,2,1,2,1.5,0,1,0.5,0,1,0,1,0,1,1,0,2,1.5,1,0.5,0.5,0.5,1,1,0,1,0,0.5,1,1,0.5,0,0,0.5,0.5,0.5,0.5,0.5,0.5,0.5,0,0,0,0,1,0
Olam International,Singapore,SG1Q75923504,Yes,Yes,Yes,Yes,No,No,22,43.4,6.7,10.2,11.3,15.2,1.5,1,1.5,1.5,1,1,N/A,0.5,0.5,0.5,0.5,1,0,0.5,0.5,1,0.5,0.5,0.5,1.5,0.5,1,1,0.5,0,1,1,1,1,0.5,0.5,0,0.5,0.5,0.5,0.5,0,0.5,0.5,0.5,0,0,1,1.5,1.5
Ahold Delhaize,Netherlands,NL0011794037,No,No,No,Yes,Yes,No,24,43.0,8.3,11.3,10.0,13.4,2,1.5,1.5,2,1,1,1,0,0,1,0,1,1,0.5,0.5,0.5,1,1.5,0,0.5,0.5,1,0.5,1,1,1,0,1,1,0.5,0,0,0.5,0.5,0.5,1,0.5,0.5,0.5,0.5,0,0,0,0,0
The Hershey Company,United States of America,US4278661081,No,Yes,No,Yes,No,No,25,42.9,5.0,11.6,7.5,18.8,2,1,0,2,1.5,1.5,N/A,0.5,0.5,0,0.5,0.5,1,0.5,0,0.5,0,0.5,0.5,0,1.5,1,1,1,1,1,1,1,1,0.5,1,0,0.5,0.5,0.5,0.5,0.5,1,0.5,0.5,1,0,0,1,1.5
Bayer,Germany,DE000BAY0017,Yes,No,No,No,No,No,26,42.4,6.7,14.1,10.0,11.7,1.5,1.5,1,2,2,0.5,N/A,N/A,0.5,1,0.5,0.5,0.5,N/A,N/A,1,1,N/A,N/A,0,N/A,1,1,0,0,0,0,1,1,0.5,0.5,0.5,0.5,0.5,0.5,1,0.5,1,0.5,0.5,0.5,0,0,1,0
Woolworths Group,Australia,AU000000WOW2,No,No,No,Yes,Yes,No,27,42.3,4.2,13.1,12.5,12.5,1.5,1,0,2,1,1,1,0.5,0.5,0,0,1.5,1,1.5,0.5,1,0,2,1,0.5,0.5,1,1,0.5,0,1,1,1,1,0.5,0.5,0,0.5,0.5,1,0.5,0.5,0.5,0.5,0,0,0,0,0,0
Syngenta Group,Switzerland,,Yes,No,No,No,No,No,28,42.2,5.0,17.1,10.0,10.1,1,1.5,0.5,1.5,1,N/A,N/A,N/A,1.5,1,1.5,1,0.5,N/A,N/A,1,0.5,N/A,N/A,0.5,N/A,1,1,0,0,0,0.5,1,1,0.5,0,0.5,0,0.5,0.5,0.5,0,0.5,0.5,0.5,0,0,0,2,0
Wilmar International,Singapore,SG1T56930848,Yes,Yes,No,Yes,No,No,28,42.2,6.7,6.8,10.0,18.7,1.5,1,1.5,0.5,0,1,N/A,0.5,0.5,0.5,0.5,0.5,1,0,0,0.5,0.5,1,0.5,0.5,1,1,1,1,1,1,0,1,1,0.5,1,0,0.5,0.5,0.5,0.5,0.5,0.5,1,0.5,0.5,0,1,1,2
General Mills,United States of America,US3703341046,No,No,No,Yes,No,No,30,41.8,6.7,13.8,8.8,12.7,1.5,1,1.5,2,1.5,1,0,0.5,1.5,1,0.5,1,1.5,0.5,0,0.5,0.5,1,0.5,0.5,0.5,1,1,1,1,1,0,1,1,0.5,0,0,0,0.5,0.5,0,0,0.5,0,0.5,0.5,0,0,1,0
Sodexo,France,FR0000121220,No,No,No,No,No,Yes,31,41.5,5.8,13.1,8.8,13.7,2,0.5,1,2,1.5,1,1,0.5,0.5,0.5,0,1.5,0.5,1,0.5,1,0.5,1,0,0.5,0.5,1,1,1,0,0,0.5,1,1,0.5,0,0,0.5,0.5,0.5,0.5,0.5,1,0.5,0.5,1,0,0.5,1,1.5
Kirin Holdings,Japan,JP3258000003,No,No,No,Yes,No,No,32,41.0,8.3,15.0,6.0,11.7,2,1.5,1.5,2,2,N/A,N/A,N/A,0,0,0,1.5,1.5,N/A,N/A,1,N/A,0,0,0,1,1,1,1,1,1,0,0,0,0.5,0,0,0.5,0.5,0.5,0,0.5,0.5,0,0,0,0,0,2,0
BASF,Germany,DE000BASF111,Yes,Yes,No,No,No,No,33,40.9,5.8,11.3,12.5,11.3,1,1.5,1,1.5,0.5,1,N/A,N/A,0.5,0.5,1.5,0,0.5,N/A,N/A,1,1,N/A,N/A,0.5,N/A,1,1,0.5,0,1,0,1,1,0.5,0,0,0,0,0.5,1,0.5,1,0.5,0,0,0,0,1,0
Keurig Dr Pepper,United States of America,US49271V1008,No,No,No,Yes,No,No,34,40.5,5.0,14.1,10.0,11.4,0.5,1,1.5,1,0.5,1,N/A,N/A,1.5,0.5,1.5,0,1.5,N/A,N/A,0.5,0,1,0.5,0.5,1.5,1,0.5,0,0,1,0.5,1,1,0.5,0,0.5,0.5,0,0.5,0,0,0.5,0,0,0,0,0,2,1.5
Mondelez International,United States of America,US6092071058,No,Yes,No,Yes,No,No,35,39.9,5.8,12.3,8.8,13.0,2,1.5,0,1.5,1.5,1,N/A,0.5,1,0.5,0.5,0.5,1.5,0.5,0,0.5,0,1,0.5,0,1.5,1,0,1,1,1,1,1,1,0.5,0,0,0,0,0.5,0.5,0,0,0,0.5,0.5,0,0,2,0
Yara,Norway,NO0010208051,Yes,No,No,No,No,No,36,39.8,6.7,8.8,10.0,14.3,1.5,1.5,1,1.5,1,N/A,N/A,N/A,0.5,0.5,0,N/A,0,N/A,N/A,0.5,1,N/A,N/A,0.5,N/A,1,1,1,1,0,0.5,1,1,0.5,0,0,0.5,0.5,1,1,1,1,0.5,0,0,0,0,1,0
Archer Daniels Midland (ADM),United States of America,US0394831020,No,Yes,No,No,No,No,37,39.6,5.0,15.0,5.6,14.0,1.5,1,0.5,1.5,0.5,1,N/A,N/A,1,1,1.5,1,0.5,N/A,N/A,0.5,0.5,N/A,N/A,0,0.5,1,1,0.5,1,1,0,1,1,0.5,0,0,0,0,0.5,0.5,0.5,0.5,0.5,0.5,0.5,0,0,1.5,0.5
Campbell's,United States of America,US1344291091,No,No,No,Yes,No,No,37,39.6,6.7,13.8,10.0,9.2,1.5,1,1.5,1,0.5,1,0.5,0.5,1.5,1.5,1,1.5,1.5,0.5,0,1,0.5,1,0.5,0,1,1,1,0,0,0,0,1,0.5,0.5,0,0,0,0.5,0.5,0.5,0.5,1,0.5,0.5,0.5,0,0,1,0
Grupo Bimbo,Mexico,MXP495211262,No,No,No,Yes,No,No,39,39.4,2.5,10.9,15.0,11.0,0.5,1,0,1,0.5,0.5,N/A,0,1,1,0.5,1.5,1.5,0.5,0,2,1,1,0.5,1,0.5,1,0.5,0,0,0,0.5,1,1,0.5,0,0,0,0.5,0.5,1,0.5,1,0.5,0.5,0,0,0,1,1.5
Nueva Pescanova,Spain,,No,No,Yes,Yes,No,No,40,39.1,5.8,12.0,13.8,7.5,1,1,1.5,1,0.5,0.5,1,0,N/A,N/A,0,1,1,1.5,1,1,0.5,2,0.5,1,0.5,1,1,0,0,0,0,0,0,0.5,0,0,0.5,0.5,0,1,0.5,0.5,0.5,0.5,0,0,0,1,N/A
Walmart,United States of America,US9311421039,No,No,No,Yes,Yes,No,41,39.0,7.5,13.8,6.3,11.5,1.5,1.5,1.5,2,1.5,1,1,0.5,1,1,0,1,1,0.5,0.5,0,0.5,1,0,0,1,1,1,0,0,0.5,1,1,1,0.5,0,0,0,0.5,0,1,0,1,0,0.5,0.5,0,1,1,0
Molson Coors,United States of America,US60871R2094,No,No,No,Yes,No,No,42,38.8,5.0,20.4,4.5,8.9,1.5,1.5,0,2,1.5,N/A,N/A,N/A,1,1,2,1,1.5,N/A,N/A,0.5,N/A,0.5,0.5,0,0,1,1,0,0,0,0,1,1,0.5,0,0,1,0.5,0.5,0.5,0.5,1,0,0.5,0,0,0,0,0
Ferrero,Luxembourg,,No,Yes,No,Yes,No,No,43,38.7,5.0,9.5,8.8,15.4,1.5,1,0.5,2,0.5,1,N/A,0.5,0.5,0.5,0,0,1.5,0.5,0,0.5,0,1,0.5,0.5,1,1,1,1,1,0.5,1,1,1,0.5,0,0.5,0,0.5,0.5,0.5,0,0.5,0.5,0.5,1,0,0.5,1.5,0
Mars,United States of America,,No,Yes,No,Yes,No,No,44,38.6,3.3,10.6,17.5,7.2,0.5,1.5,0,2,0.5,1,1,0.5,0,0,1.5,0.5,1,0.5,0,2,0,1.5,0.5,2,1,1,0.5,0.5,0,0.5,0,0,0,0.5,0,0,0,0,0.5,0.5,0,0.5,0.5,0.5,0.5,0,0,1,0
CNH Industrial,Netherlands,NL0010545661,Yes,No,No,No,No,No,45,38.5,6.7,12.9,7.5,11.5,1.5,1,1.5,1.5,0.5,N/A,N/A,N/A,0.5,0.5,1.5,0.5,1,N/A,N/A,0,1,N/A,N/A,0.5,N/A,1,1,0,0,0,0,1,1,0.5,0,0,0.5,0.5,0.5,1,0.5,1,1,1,0,0,0,1,N/A
Kroger,United States of America,US5010441013,No,No,No,Yes,Yes,No,45,38.5,7.5,14.4,8.8,7.9,1.5,1,2,1.5,0.5,0.5,1.5,1.5,0,0.5,1,2,1.5,1,0,0,1,1,0.5,0,1,1,1,0,0,0,0,1,1,0.5,0,0,0.5,0.5,0.5,0,0.5,0.5,0.5,0,0,0,0,0.5,0
Wm Morrison Supermarkets,United Kingdom,GB0006043169,No,No,No,Yes,Yes,No,47,38.4,5.8,13.8,10.0,8.8,1.5,0.5,1.5,1.5,0,1,0.5,0.5,0.5,1,0,1.5,1.5,1.5,1.5,1.5,0.5,1,0,0,1,0,1,0.5,0,0,0,1,1,0.5,0,1,0,0.5,0.5,1,0.5,0.5,0,0,0,0,0,1,0
Jeronimo Martins,Portugal,PTJMT0AE0001,No,Yes,Yes,Yes,Yes,No,48,38.1,7.5,13.1,8.8,8.7,2,1,1.5,1.5,0.5,1,0.5,1,0.5,0.5,0.5,1,1.5,1,1,1,0.5,1,0,0.5,0.5,1,0.5,0,0,0,0,1,1,1,0,0,0,0.5,0.5,0.5,0,1,0.5,0.5,0,0,0,1,0
Pernod Ricard,France,FR0000120693,No,No,No,Yes,No,No,49,37.4,5.8,13.9,6.0,11.7,2,1.5,0,1.5,1,N/A,N/A,N/A,1,0.5,1,0.5,1,N/A,N/A,0,N/A,0.5,1,0,0.5,1,1,1,0,0,0.5,1,1,0.5,0,0.5,0,0.5,0.5,1,0.5,1,0,0.5,0.5,0,0,0.5,0.5
Tate & Lyle,United Kingdom,GB0008754136,No,Yes,No,No,No,No,49,37.4,6.7,14.1,7.5,9.2,0.5,1.5,2,1.5,1.5,0,N/A,N/A,1,1,1,1.5,0,N/A,N/A,1.5,0,N/A,N/A,0,0.5,1,0.5,0,0,0,0,1,1,0.5,0,0,0,0.5,0.5,1,0.5,0.5,0.5,0.5,0.5,0,0,1,0
Aldi South Group,Germany,,No,No,No,Yes,Yes,No,51,37.2,4.2,11.9,10,11.2,1,1,0.5,1,0.5,1,1.5,0.5,0.5,1,0,1,1,1,0.5,1,1,1,0,0.5,0.5,1,1,1,0,0.5,0.5,1,1,0.5,0.5,0,0,0,0,1,0,0.5,0.5,0.5,0.5,0,0,1,0
Aldi Nord,Germany,,No,No,No,Yes,Yes,No,52,36.9,5.8,10.6,8.8,11.7,1.5,1,1,1.5,0,1,1,0.5,0.5,1,0,1,1,0.5,0.5,0.5,0.5,1,1,0,0.5,1,0,0.5,1,0.5,0.5,1,1,0.5,0.5,0,0,0.5,0.5,0.5,0,0.5,0,0.5,0.5,0,0,1,0
Givaudan,Switzerland,CH0010645932,No,Yes,No,No,No,No,53,36.7,7.5,11.3,5.6,12.3,1,1.5,2,2,1,0.5,N/A,N/A,0.5,0.5,0.5,0.5,0.5,N/A,N/A,1,0,N/A,N/A,0,0.5,1,1,0,1,0,0.5,1,0,0.5,0,0,0.5,0.5,0.5,0,0.5,0.5,0.5,0.5,1,0,0,1,1.5
Meiji,Japan,JP3918000005,No,Yes,Yes,Yes,No,No,54,36.2,5.0,13.0,10.0,8.2,2,1,0,1.5,2,1,N/A,0,0.5,0,1,1.5,1.5,0.5,0,0.5,1,1,0.5,0.5,0.5,1,1,1,0,0,0.5,0,0,0.5,0,0,0,0.5,0.5,1,0.5,0.5,0,0.5,0,0,0,1,0
McCain Foods,Canada,,No,Yes,No,Yes,No,No,55,36.1,5.0,15.9,7.5,7.7,2,1,0,2,1,1,N/A,N/A,1,0.5,1,0.5,1.5,N/A,N/A,1,0,1,0,0,1,0,0.5,0,0,0,0,1,1,0.5,0.5,0,0,0,0.5,1,0,0.5,0.5,0.5,0.5,0,0,1,0
Thai Union Group,Thailand,TH0450010Y08,No,No,Yes,Yes,No,No,55,36.1,5.8,8.3,5.0,17.0,1,1,1.5,0.5,0,0.5,1,0.5,N/A,N/A,0.5,0.5,1,0.5,0.5,0.5,0,0.5,0,0.5,0.5,1,1,1,1,1,1,1,1,0.5,0,0,0,0.5,0,1,0.5,1,0.5,0.5,1,0,0.5,1,N/A
Mowi,Norway,NO0003054108,No,No,Yes,Yes,No,No,57,36.0,5.0,15.0,7.5,8.5,1.5,1,0.5,1,1.5,1.5,1.5,0,N/A,N/A,0,1,1,1.5,1,0,0,0.5,0.5,0.5,1.5,1,1,0,0,0,0,1,1,1,0,0,0.5,0,0.5,0.5,0.5,1,0,0.5,0,0,0,0,N/A
Kraft Heinz,United States of America,US5007541064,No,No,No,Yes,No,No,58,35.9,7.5,10.0,10.0,8.4,2,1,1.5,1,0,1,0,0.5,0.5,0.5,1,0.5,1.5,1,0.5,2,0,0,0.5,0.5,1,1,1,1,0,0,0.5,1,1,0.5,0,0,0,0.5,0,0,0.5,0.5,0.5,0,0,0,0,0,0.5
Charoen Pokphand Group,Thailand,TH0101A10Z01,Yes,Yes,Yes,Yes,Yes,No,59,35.2,7.5,9.4,6.3,12.1,2,0.5,2,1.5,0.5,0.5,0.5,0.5,0,0.5,0.5,1,0.5,1,0.5,0.5,0.5,0.5,0,0.5,0.5,1,1,0,0,1,1,1,1,0.5,0,0,0,0.5,0,1,0,1,0,0.5,0.5,0,0,1.5,0
Sumitomo Chemical,Japan,JP3401400001,Yes,No,No,No,No,No,60,34.8,5.0,11.8,10.0,8.0,1,1.5,0.5,1.5,1.5,N/A,N/A,N/A,0.5,0.5,0.5,0.5,0.5,N/A,N/A,0.5,0.5,N/A,N/A,1,N/A,1,1,1,0,0,0,1,1,0.5,0,0,0,0.5,0.5,0.5,0.5,0.5,0,0,0,0,0,0,0
Asahi Group,Japan,JP3116000005,No,No,No,Yes,No,No,61,34.5,7.5,11.3,2.5,13.2,2,1.5,1,2,2,0.5,N/A,N/A,0,0,1,0.5,1.5,0,0,0,0,0.5,0,0,0.5,1,1,1,1,1,0,1,0,0.5,0,0,0.5,0.5,0.5,0.5,0.5,1,0,0.5,0,0,0,1,0
Hormel Foods,United States of America,US4404521001,No,No,No,Yes,No,No,62,34.3,7.5,10.2,8.8,7.8,1.5,1.5,1.5,1,0,0.5,N/A,0.5,0.5,0,1.5,1,1.5,0.5,0.5,0.5,1,0.5,0.5,0.5,0.5,1,0.5,0,0,0,0,1,1,0.5,0,0,0.5,0,0.5,1,0,0.5,0.5,0.5,0,0,0,0.5,0
Novozymes,Denmark,DK0060336014,No,Yes,No,No,No,No,63,33.8,6.7,11.8,5.6,9.7,1.5,1.5,1,2,1,N/A,N/A,N/A,0,0,0,1.5,1,N/A,N/A,1,0,N/A,N/A,0,0.5,1,1,0,0,0,0,1,1,0.5,0,0,0,0.5,0.5,1,0.5,1,0.5,0.5,0,0,0,0,1
Metro AG,Germany,DE000BFB0019,No,No,No,Yes,Yes,No,64,33.5,5.8,13.8,5.0,8.9,2,1.5,0,1.5,1.5,1,1,0.5,0.5,0.5,1,1,1,1,0.5,1,0,0,0,0,1,1,1,0,0,0,0,1,1,0.5,0.5,0.5,0.5,0.5,0.5,0.5,0.5,0.5,0,0.5,0,0,0,0,0
Fuji Oil Holdings,Japan,JP3816400000,No,Yes,No,Yes,No,No,65,33.4,5.8,8.9,6.3,12.5,1,1,1.5,1.5,0.5,0.5,N/A,1.5,0,0.5,1,1,0,0,0,0.5,0,0,0,1,1,1,1,1,1,1,1,0,0,0.5,0,0,0,0.5,0,0.5,0,0,0.5,0,0,0,0,1.5,1.5
Nutrien,Canada,CA67077M1086,Yes,No,No,No,No,No,65,33.4,6.7,12.5,5.0,9.2,1,1.5,1.5,1.5,0.5,N/A,N/A,N/A,1,1,0,N/A,1,N/A,N/A,0,0.5,N/A,N/A,0.5,N/A,1,1,0,0,0,0,1,1,0.5,0,0,0.5,0.5,0.5,1,0.5,0.5,0,0,0,0,0.5,1,0
Corteva Agriscience,United States of America,US22052L1044,Yes,No,No,No,No,No,67,33.1,5.0,12.9,10.0,5.2,1.5,1,0.5,1,1,N/A,N/A,N/A,1,0.5,0.5,1,1,N/A,N/A,1,1,N/A,N/A,0,N/A,0,0.5,0,0,0,0,1,0,0.5,0,0,0,0,0,1,0,0.5,0.5,0.5,0,0,0,1,0
McDonald's,United States of America,US5801351017,No,No,No,No,No,Yes,67,33.1,5.0,11.3,6.3,10.6,1,1.5,0.5,1.5,1,1.5,1,0.5,0.5,0,0,0.5,1.5,0.5,0.5,0.5,0,0.5,1,0,0.5,1,0,0.5,1,0,0.5,1,1,0.5,0,0,0,0,0.5,1,0,0.5,0,0.5,0.5,0,0,1,0.5
Zespri,New Zealand,,No,Yes,No,No,No,No,69,32.9,3.3,9.6,15.0,4.9,1,1,0,1,0.5,N/A,N/A,N/A,0.5,0.5,0,1,1,N/A,N/A,1.5,0.5,N/A,N/A,0,2,0,0.5,0,0,0,0,1,1,0.5,0,0,0,0,0,0.5,0,1,0,0.5,0,0,0,0,0
Groupe Casino,France,FR0000125585,No,No,No,Yes,Yes,No,70,32.8,3.3,10.0,6.3,13.2,0.5,1,0.5,1.5,1,0.5,0.5,0.5,0.5,1,0.5,0.5,1,0.5,0,0.5,0,1,0,0.5,0.5,1,1,1,1,1,0.5,0,0,0.5,0,0.5,0,0.5,0.5,0.5,0.5,1,0.5,0.5,0,0,0,1,0
Deere & Co,United States of America,US2441991054,Yes,No,No,No,No,No,71,32.7,4.2,16.1,5.0,7.5,1.5,1,0,1.5,0.5,N/A,N/A,N/A,1,1,1.5,0.5,1.5,N/A,N/A,0,1,N/A,N/A,0,N/A,1,0,0,0,0,0,1,1,0.5,0,0,0,0.5,0,1,0,0.5,0,0.5,0,0,0,1.5,N/A
"Schwarz Gruppe (Kaufland, Lidl)",Germany,,No,No,No,Yes,Yes,No,72,32.5,6.7,6.9,7.5,11.5,1.5,1,1.5,0.5,0.5,0.5,0.5,0.5,0,0,0,1,1.5,0.5,0,1,0,1,0,0,1,1,1,1,0,0,0.5,1,1,0.5,0.5,0.5,0.5,0.5,0.5,0,0,0.5,0,0.5,1,0,0.5,1,0
ICL,Israel,IL0002810146,Yes,No,No,No,No,No,73,32.3,4.2,10.0,10.0,8.2,1.5,0.5,0.5,1.5,0.5,N/A,N/A,N/A,0.5,1,0,N/A,0.5,N/A,N/A,1,1,N/A,N/A,0,N/A,1,0.5,0,0,0,0.5,1,1,0.5,0,0,0.5,0.5,0.5,0,0,0.5,0,0.5,0,0,0,1.5,0
Cargill,United States of America,,No,Yes,Yes,No,No,No,74,32.2,4.2,11.9,7.5,8.7,1,1,0.5,1.5,1,1,1,0.5,1,0.5,0,0.5,0.5,1.5,0.5,1,0.5,N/A,N/A,0,0.5,1,1,0,0,0,0,1,1,0.5,0,0,0,0,0.5,1,0,0.5,0.5,0.5,0,0,0,1,0.5
Tiger Brands,South Africa,ZAE000071080,No,No,No,Yes,No,No,75,31.9,4.2,8.9,8.8,10.2,0.5,1.5,0.5,0.5,0.5,0.5,N/A,0,0.5,0.5,2,1,1,0,0,0.5,0.5,1,0.5,0.5,0.5,1,1,0,0,0,0.5,1,1,0.5,0,0,0,0.5,0.5,1,0.5,0.5,0.5,0.5,0,0,0,1.5,0
Rewe Group,Germany,,No,No,No,Yes,Yes,No,76,31.7,2.5,8.1,8.8,12.3,0.5,1,0,0.5,0.5,0.5,1,0.5,0.5,0.5,0,1,1,0.5,0,1,0,1,0.5,0.5,0.5,1,1,1,1,0.5,0.5,1,1,0.5,0.5,0,0.5,0.5,0.5,0,0,0.5,0,0.5,0,0,0,0.5,0
Carlsberg,Denmark,DK0010181759,No,No,No,Yes,No,No,77,31.5,6.7,10.7,6.0,8.2,2,2,0,2,1.5,N/A,N/A,N/A,0,0,1,0,0.5,N/A,N/A,0,N/A,0.5,1,0,0.5,0,1,0,0,0,0,1,1,0.5,0,0,0.5,0.5,0.5,0.5,0.5,0.5,0,0.5,0,0,0,1.5,0
Compass Group,United Kingdom,GB00BD6K4575,No,No,No,No,No,Yes,77,31.5,7.5,7.5,6.3,10.2,2,1,1.5,1,0.5,1,1,0.5,0,0,0,1,0.5,0.5,0,1,0,0.5,0,0.5,0.5,1,1,1,0,0,0,1,1,0.5,0.5,0,0,0.5,0.5,0,0.5,1,0.5,0.5,0,0,0,1,0
Symrise,Germany,DE000SYM9999,No,Yes,No,No,No,No,79,31.3,5.8,11.3,5.6,8.6,1.5,1.5,0.5,1.5,0.5,1,N/A,N/A,0.5,0.5,0.5,0.5,1,N/A,N/A,1,0,N/A,N/A,0,0.5,1,0.5,0,0,0,0,0,0,0.5,0,0,1,0.5,0.5,1,0.5,0.5,0.5,0.5,0,0,0.5,1,0.5
PhosAgro,Russia,RU000A0JRKT8,Yes,No,No,No,No,No,80,30.9,4.2,10.0,10.0,6.7,1,1.5,0,1,1,N/A,N/A,N/A,0.5,1,0.5,N/A,0,N/A,N/A,1,0.5,N/A,N/A,0.5,N/A,1,0.5,0,0,0,0,1,1,0.5,0,0,0,0,0,0,0,1,0.5,0.5,0,0,0,1,0
Bonduelle,France,FR0000063935,No,Yes,No,Yes,No,No,81,30.8,5.8,11.3,6.3,7.4,1.5,1,1,1,1,0,N/A,N/A,1.5,1.5,0,1,1,0.5,0,1,0,1,0,0,0.5,1,0.5,0,0,0,0,1,1,0.5,0,0,0.5,0,0.5,1,0,1,0,0,0,0,0,0.5,0
Thai Beverage,Thailand,TH0902010014,No,No,No,Yes,No,Yes,82,30.7,7.5,9.4,3.8,10.1,2,1,1.5,1.5,0.5,0.5,0,0,1,1,1,0.5,1.5,0,0,0.5,0,0,0,0,1,1,1,0,0,1,0,1,0,0.5,0,0,0,0,0,1,0.5,0.5,0.5,0,0,0,1,0.5,1
BayWa,Germany,DE0005194062,Yes,Yes,No,No,No,No,83,30.5,5.8,9.4,7.5,7.8,1,1.5,1,1.5,0.5,0.5,N/A,N/A,0.5,1,0,0.5,0.5,N/A,N/A,0,0,N/A,N/A,0.5,1.5,1,0,1,0,0,0,1,1,0.5,0,0,0,0.5,0.5,1,0,0.5,0,0,0,0,0,1,0
Suntory,Japan,,No,No,No,Yes,No,No,84,30.4,7.5,12.9,3.8,6.2,2,1,1.5,1.5,1,N/A,N/A,N/A,0,0,1.5,0.5,1.5,N/A,N/A,0.5,0,0,0,0.5,0.5,1,1,0.5,0,0,0,0,0,0.5,0,0,0.5,0,0.5,0,0.5,0.5,0,0.5,0,0,0,1,0
Sime Darby Plantation,Malaysia,MYL4197OO009,No,Yes,No,Yes,No,No,85,30.1,2.5,6.6,5.6,15.4,0.5,1,0,0.5,0,0.5,N/A,N/A,0.5,0.5,1,0,0.5,N/A,N/A,0,0,N/A,N/A,1,0.5,1,0.5,1,1,1,0.5,1,1,0.5,0.5,0.5,0,0,0.5,0,0,1,0.5,0,0,0,0.5,1.5,1.5
Mosaic,United States of America,US61945C1036,Yes,No,No,No,No,No,86,30.0,5.8,11.3,5.0,7.9,1.5,1,1,1,1,N/A,N/A,N/A,0,1,1,N/A,0.5,N/A,N/A,0.5,0.5,N/A,N/A,0,N/A,1,0.5,0,0,0,0,1,1,0.5,0,0,0.5,0.5,0.5,1,0,1,0,0,0,0,0,0.5,0
Nordzucker,Germany,,No,Yes,No,No,No,No,87,29.8,1.7,8.6,9.4,10.2,0.5,0.5,0,1,0,N/A,N/A,N/A,0.5,0.5,0.5,0.5,1,N/A,N/A,0,0,N/A,N/A,0.5,2,1,0.5,1,1,0,0,1,1,0.5,0,0,0.5,0,0,0.5,0,0.5,0,0.5,0,0,1.5,0,0
Tyson Foods,United States of America,US9024941034,No,No,Yes,Yes,No,No,87,29.8,5.0,11.6,5.0,8.2,1.5,0.5,1,1,1,1,N/A,0.5,1,0,1,0.5,1,1,0.5,0.5,0,0.5,0.5,0,0.5,1,1,0,0,0,0,1,1,0.5,0,0,0.5,0,0,0.5,0,0.5,0.5,0.5,0,0,0.5,1,0
Associated British Foods,United Kingdom,GB0006731235,No,Yes,No,Yes,No,No,89,29.4,5.8,6.8,3.8,13.0,1,1,1.5,1,0.5,0.5,N/A,0,0.5,0.5,0.5,0.5,0.5,0.5,0,0.5,0,0,0,0.5,0.5,1,0.5,1,1,0,1,1,0,0.5,0.5,0.5,0.5,0,0,0.5,0.5,0.5,0.5,0.5,0.5,0,0,1,1
ForFarmers,Netherlands,NL0011832811,No,Yes,No,No,No,No,89,29.4,7.5,9.4,3.8,8.7,2,1,1.5,1,0.5,1,N/A,N/A,0.5,1,0,0.5,0.5,N/A,N/A,0.5,0,N/A,N/A,0,0.5,0,0.5,0,0,0,0,1,1,0.5,0,0.5,0.5,0.5,0.5,1,1,0.5,0,0.5,0.5,0,0,0.5,0
Ajinomoto Group,Japan,JP3119600009,No,Yes,No,Yes,No,No,91,28.9,4.2,12.3,7.5,4.9,1,0.5,1,2,1.5,1,N/A,0.5,0,0,1.5,1,1,0.5,0,0.5,0.5,0.5,0.5,0.5,0.5,1,0.5,0,0,0,0,0,0,0.5,0,0,0,0.5,0.5,0.5,0.5,0.5,0,0.5,0,0,0,0,0
Danish Crown,Denmark,,No,No,Yes,Yes,No,No,91,28.9,4.2,14.3,1.3,9.2,1,1,0.5,1.5,0.5,1,N/A,0.5,0.5,0,1,1,1.5,1.5,1.5,0,0,0,0,0,0.5,1,1,0,0,0,0,1,1,0.5,0,0,0,0,0.5,1,0.5,1,0,0.5,0.5,0,0,1,0
Musim Mas,Singapore,,No,Yes,No,Yes,No,No,91,28.9,5.0,8.4,3.8,11.7,0.5,1,1.5,0.5,0,0.5,N/A,N/A,0.5,1.5,1,0,0.5,N/A,N/A,0,0,N/A,N/A,0.5,0.5,1,0,0,1,0,0,1,1,0.5,1,0.5,0,0,0,0,0,0.5,0,0.5,0,1.5,0,1.5,1.5
Mahindra and Mahindra,India,INE101A01026,Yes,No,No,No,No,No,94,28.8,3.3,7.5,10.0,8.0,1,1,0,1.5,1,N/A,N/A,N/A,0,0,0.5,0,0.5,N/A,N/A,0.5,1,N/A,N/A,0.5,N/A,1,0,0,0,0,0,1,1,0.5,0,0,0.5,0.5,0.5,0,0,0.5,0,0.5,0,0,1,1,N/A
Barilla,Italy,,No,No,No,Yes,No,No,95,28.6,3.3,10.2,8.8,6.2,1,1,0,1,1,1,N/A,0.5,0,0,1,0.5,0.5,1,1,1,0,0.5,0.5,0,1.5,1,1,0,0,0,0,0,0,0,0,0,0.5,0.5,0.5,1,0,0.5,0,0.5,0,0,0,1,0
Ingredion,United States of America,US4571871023,No,Yes,No,No,No,No,95,28.6,2.5,13.1,3.8,9.2,1,0.5,0,1.5,0.5,1,N/A,N/A,0.5,1,1.5,0.5,0.5,N/A,N/A,0,0.5,N/A,N/A,0,0.5,1,1,0,1,0,0,1,1,0.5,0,0,0,0,0,0.5,0,0.5,0.5,0.5,0,0,0,1,0
Starbucks,United States of America,US8552441094,No,No,No,No,No,Yes,97,28.5,3.3,11.9,5.0,8.2,0.5,1.5,0,2,1.5,1,0,0.5,0.5,0.5,1.5,0.5,0.5,0.5,0.5,0.5,0,0.5,0,0,1,1,1,0,0,0,0,1,1,0.5,0,0,0,0,0.5,1,0.5,0.5,0,0,0.5,0,0,1,0
Greenyard,Belgium,BE0003765790,No,Yes,No,Yes,No,No,98,28.4,2.5,9.6,10.0,6.2,1,0.5,0,1,0.5,N/A,N/A,N/A,0,1,0.5,0.5,1,N/A,N/A,1,0,0.5,0,0.5,2,0,0,0,0,0,0,1,0.5,0.5,0,0,0.5,0.5,0.5,0.5,0,0.5,0.5,0,0,0,0,1.5,0
Jacobs Douwe Egberts,Netherlands,,No,Yes,No,Yes,No,No,98,28.4,5.8,11.3,3.8,7.6,1,1,1.5,0,0,1,N/A,N/A,1,1,1,0.5,1.5,N/A,N/A,0.5,0,0.5,0,0,0.5,0,0,0,0,0,0.5,1,1,0.5,0,0.5,0,0,0.5,1,0,0.5,0,0.5,0.5,0,0,1,0.5
International Flavors & Fragrances (IFF),United States of America,US4595061015,No,Yes,No,No,No,No,100,28.0,7.5,9.4,1.9,9.2,1.5,1,2,1.5,0.5,1,N/A,N/A,0.5,0,1,0.5,0,N/A,N/A,0,0,N/A,N/A,0,0.5,1,1,0,0,0,0,1,1,0.5,0,0,0.5,0.5,0.5,0.5,0.5,0.5,0.5,0.5,0,0,0,1,0
Sysco,United States of America,US8718291078,No,No,No,No,No,Yes,101,27.7,7.5,8.8,3.8,7.7,2,1,1.5,1,0.5,1,1,0.5,0.5,0.5,0.5,0.5,0.5,0.5,0,0,0,0,0,0.5,1,1,0.5,0,0,0,0,1,1,0.5,0,0,0,0,0.5,0.5,0,0.5,0.5,0.5,0.5,0,0,1,0
Colruyt,Belgium,BE0974256852,No,No,No,Yes,Yes,No,102,27.6,2.5,11.3,10.0,3.8,0.5,1,0,1.5,0.5,1,1,0.5,0,0.5,1,1,1,0.5,0.5,1,0,1.5,0.5,1,0,0,0.5,0,0,0,0,0,0,0.5,0,0,0,0,0.5,1,0,0.5,0,0,0,0,0,1,0
Itochu,Japan,JP3143600009,No,Yes,Yes,Yes,Yes,No,103,27.5,2.5,8.8,7.5,8.7,0.5,1,0,1,1,1,0.5,0.5,0,0.5,0.5,1,1,0,0,0.5,1,0.5,0,0.5,0.5,1,1,1,0,0,0.5,1,0,0.5,0,0,0,0.5,0,1,0.5,0.5,0,0,0,0,0,1,0.5
Yum! Brands,United States of America,US9884981013,No,No,No,No,No,Yes,104,27.4,5.8,9.4,6.3,5.9,1,1,1.5,1.5,1.5,1,0,0.5,0,0,0.5,0.5,1,0.5,0.5,1,0,0.5,0.5,0,0.5,1,1,0,0,0,0,1,0,0.5,0,0,0,0.5,0.5,0,0,1,0,0.5,0,0,0,0,0
Mitr Phol Sugar Corp,Thailand,,No,Yes,No,No,No,No,105,27.1,3.3,8.6,1.9,13.3,1,0,1,1,0,N/A,N/A,N/A,0.5,0.5,1,0.5,0.5,N/A,N/A,0.5,0,N/A,N/A,0,0,1,0,1,1,1,0.5,1,1,0.5,0,0,0,0.5,0,0.5,1,1,0.5,0,0,0,0,1,0
Grupo Nutresa,Colombia,COT04PA00028,No,No,No,Yes,No,No,106,27.0,5.8,6.9,10.0,4.2,1.5,1,1,1,0.5,0,0,0.5,0,0,0.5,1,1.5,0.5,0,1,0.5,1,0.5,0.5,0.5,1,0.5,0,0,0,0,0,0,0.5,0,0,0,0,0,0,0.5,0.5,0,0.5,0,0,0,1,0
Austevoll Seafood,Norway,NO0010073489,No,No,Yes,Yes,No,No,107,26.9,5.0,11.3,5.6,5.0,1,1.5,0.5,0.5,0,1.5,1,0,N/A,N/A,0.5,0.5,0.5,1.5,2,1,0,N/A,N/A,0,0.5,0,0.5,0,0,0,0,1,0,0.5,0,0,0.5,0,0.5,0.5,0,0.5,0,0,0,0,0,1,N/A
Chipotle Mexican Grill,United States of America,US1696561059,No,No,No,No,No,Yes,108,26.8,8.3,7.5,3.8,7.2,2,1.5,1.5,0.5,0,0,N/A,0.5,0.5,1,0,0.5,1,1,0.5,0,0,0.5,0,0.5,0.5,1,0,0,0,0,0,1,0.5,0.5,0,0,0.5,0,0.5,1,0,0.5,0.5,0.5,0,0,0,1,0
CF Industries,United States of America,US1252691001,Yes,No,No,No,No,No,109,26.6,5.0,8.8,5.0,7.8,1,1.5,0.5,1.5,0,N/A,N/A,N/A,1,1,0,N/A,0,N/A,N/A,0.5,0,N/A,N/A,0.5,N/A,1,0.5,0,0,0,0,1,1,0.5,0,0,0.5,0.5,0.5,0.5,0,0.5,0.5,0,0,0,0,1,0
Groupe Limagrain,France,,Yes,Yes,No,Yes,No,No,109,26.6,2.5,6.4,12.5,5.2,0.5,1,0,0,0,N/A,N/A,N/A,0.5,0.5,0.5,1,0.5,N/A,N/A,1,0,1,0.5,0.5,2,0,0.5,0,0,0,0,0,0,0.5,0,0,0,0.5,0,1,0,0.5,0.5,0.5,0,0,0,1.5,0
Golden Agri-Resources,Singapore,MU0117U00026,No,Yes,No,Yes,No,No,111,26.4,5.8,4.7,5.0,10.8,1,1,1.5,0,0,0.5,N/A,N/A,0.5,0.5,0,1,0,N/A,N/A,0.5,0.5,0,0,0.5,0.5,1,1,0.5,0,0,0,1,1,0.5,0,0.5,0,0.5,0.5,0,0.5,0.5,0,0.5,0,0,0.5,1,2
BRF,Brazil,BRBRFSACNOR8,No,No,Yes,Yes,No,No,112,26.2,5.8,9.5,2.5,8.3,1.5,1.5,0.5,1.5,0.5,0.5,N/A,0.5,0,0,1,0,1.5,1,0.5,0,0,0.5,0,0,0.5,1,0.5,0,0,0,0,1,1,0.5,0,0,0,1,0.5,0.5,0.5,0.5,0.5,0.5,0.5,0,0,0,0
Conagra Brands,United States of America,US2058871029,No,No,No,Yes,No,No,112,26.2,2.5,12.5,6.3,4.9,0.5,1,0,1,0.5,1,1,1,0.5,1,2,0,1.5,0.5,0,0.5,0,0,0.5,0,1.5,0,0,0,0,0,0,1,1,0.5,0,0,0.5,0.5,0.5,0,0,0.5,0,0.5,0,0,0,0,0
NorgesGruppen,Norway,,No,No,No,Yes,Yes,No,114,25.9,5.0,7.5,6.3,7.2,2,1,0,1,0.5,0.5,0.5,1,0,0,0,1.5,1,0,0,2,0.5,0,0,0,0,0,1,0,0,0,0,1,1,0.5,0,0.5,0,0.5,0,0,0.5,0.5,0,0.5,0,0,0,1,0.5
FMC,United States of America,US3024913036,Yes,No,No,No,No,No,115,25.8,4.2,11.3,2.5,7.8,1,1,0.5,1.5,0.5,N/A,N/A,N/A,0.5,1,0.5,N/A,0.5,N/A,N/A,0.5,0,N/A,N/A,0,N/A,1,1,0,0,0,0,1,1,0.5,0,0.5,0,0,0.5,1,0,0.5,0,0,0,0,0,1,0
Lindt & Sprüngli,Switzerland,CH0010570759,No,Yes,No,Yes,No,No,116,25.6,6.7,8.2,5.0,5.7,2,1.5,0.5,1,0,1,N/A,0.5,0.5,0.5,1,0,1,0.5,0,0.5,0,0.5,0.5,0,0.5,0,0.5,0.5,0,0,0,0,0,0.5,0,0.5,0.5,0,0.5,1,0,0.5,0,0.5,0,0,0,1,0
McCormick,United States of America,US5797802064,No,Yes,No,No,No,No,116,25.6,3.3,12.2,3.8,6.3,1.5,0.5,0,1.5,1.5,1,N/A,N/A,0.5,0.5,0,0,1.5,N/A,N/A,0,0,N/A,N/A,0,1,0,0.5,0,0,0,0,1,1,0.5,0,0,0,0,0.5,1,0,0.5,0.5,0,0,0,0,1,0
Pick N Pay Stores,South Africa,ZAE000005443,No,No,No,Yes,Yes,No,116,25.6,3.3,10.0,7.5,4.7,1,1,0,1.5,0.5,0.5,1,0.5,0,0.5,1,1.5,1,0,0,1,0,1,0.5,0,0.5,0,1,0,0,0,0,0,0,0.5,0,0.5,0,0,0.5,0,0,0.5,0.5,0.5,0,0,0,1,0
Vinamilk,Vietnam,VN000000VNM8,No,No,Yes,Yes,No,No,116,25.6,5.0,6.1,8.8,5.7,1,1,1,0,0,0,N/A,1,1,1,0,0,1,0.5,0,1,0,0.5,0,0,2,1,0,0,0,0,0,0,0,0.5,0,0,0.5,0.5,0.5,0.5,0,0.5,0,0,0,0,0,2,0
Evonik,Germany,DE000EVNK013,No,Yes,No,No,No,No,120,25.5,6.7,7.5,1.9,9.4,1.5,1,1.5,1.5,1.5,1,N/A,N/A,0,0,0,0,0,N/A,N/A,0,0,N/A,N/A,0,0.5,1,1,0,0,0,0.5,1,1,0.5,0,0.5,0,0.5,0.5,1,0.5,1,0,0.5,0,0,0,0,0
Seven & I Holdings,Japan,JP3422950000,No,No,No,Yes,Yes,No,121,25.3,5.8,8.1,5.0,6.3,1.5,1.5,0.5,0.5,0.5,0.5,1,0.5,0,0.5,0.5,1.5,1,0,0,0.5,0,0.5,0,0.5,0.5,1,1,0,0,0,0.5,1,0,0.5,0,0,0,0,0.5,0,0.5,0.5,0,0.5,0.5,0,0,0,0
Avril Group,France,,No,Yes,Yes,Yes,No,No,122,24.6,2.5,11.9,2.5,7.7,0.5,0.5,0.5,1,1,1,0,0.5,0.5,1,1,0.5,1,1,1,0.5,0,0,0,0,0.5,1,1,0,0,0,0,1,1,0.5,0,0,0,0,0.5,1,0,0.5,0,0.5,0,0,0,1,0
Uni-President,Taiwan,TW0001216000,No,Yes,Yes,Yes,Yes,No,122,24.6,8.3,4.8,5.0,6.5,1.5,1.5,2,1,0,0.5,N/A,0,0,0,0.5,0.5,1,0,0,0.5,0,0.5,0,0,1,1,0.5,0,0,0,0,1,1,0.5,0,0,0,0.5,0,0.5,0.5,0.5,0.5,0,0,0,0,0,0
Kubota,Japan,JP3266400005,Yes,No,No,No,No,No,124,24.3,2.5,11.8,5.0,5.0,1,0.5,0,1.5,0.5,N/A,N/A,N/A,0,0.5,2,0.5,0.5,N/A,N/A,0,0.5,N/A,N/A,0.5,N/A,1,0,0,0,0,0,0,0,0.5,0,0,0,0,0.5,1,0.5,0.5,0,0,0,0,0,1,N/A
Bunge,United States of America,BMG169621056,No,Yes,No,Yes,No,No,125,24.1,5.0,9.4,2.5,7.2,1,1.5,0.5,1.5,0.5,1,N/A,N/A,0.5,0,1,0,0.5,N/A,N/A,0.5,0,0,0,0,0.5,1,1,0,0,0,0,1,1,0.5,0,0,0,0,0.5,0.5,0,0.5,0,0.5,0,0,0,1,0
Mitsui,Japan,JP3893600001,Yes,Yes,Yes,Yes,Yes,No,126,23.8,3.3,6.3,2.5,11.7,1,1,0,1,0.5,1,0.5,0,0,0.5,0,1,0.5,0,0,0,0,0,0,1,0,1,1,1,1,1,0,0,0,0.5,0.5,0,0,0,0.5,1,0.5,0.5,0,0.5,0,0,0,1,0
Aramark,United States of America,US03852U1060,No,No,No,No,No,Yes,127,23.6,3.3,8.1,7.5,4.7,0.5,1,0.5,1,0.5,1,0.5,1,0,0,0,1,0.5,0.5,0.5,1,0.5,1,0,0,0.5,0,0.5,0,0,0,0,1,0,0.5,0,0,0,0,0.5,0,0,0.5,0,0.5,0.5,0,0.5,0.5,0
Minerva,Brazil,BRBEEFACNOR6,No,No,Yes,Yes,No,No,128,23.4,2.5,8.9,3.8,8.2,1,0.5,0,1.5,0.5,1,N/A,0.5,0.5,0,0.5,0,0.5,1.5,0,0,0,0.5,0,0.5,0.5,1,0,0,0,0,0,1,1,0.5,0,0,0.5,0.5,0.5,1,0,0.5,0.5,0.5,0,0,0,1,0
Nutreco,Netherlands,NL0010395208,No,Yes,No,Yes,Yes,No,129,23.2,4.2,10.6,1.3,7.2,1,0.5,1,1.5,1,1,1.5,0.5,0,0,0.5,1,1,0,0.5,0,0,0,0,0,0.5,0,0.5,0,0,0,0.5,1,1,0.5,0,0,0,0,0.5,1,0,0.5,0,0.5,0,0,0,1.5,0
Sanderson Farms,United States of America,US8000131040,No,No,Yes,Yes,No,No,129,23.2,1.7,3.4,7.5,10.6,0,1,0,0,0,0,N/A,0,0.5,0,1,0.5,0.5,0,0,0,0,N/A,N/A,0.5,1.5,1,1,0.5,1,0,0.5,1,0,0,0,0,0.5,0.5,0.5,0,0,0.5,0.5,0.5,0,0,0,2,0
Barry Callebaut,Switzerland,CH0009002962,No,Yes,No,Yes,No,No,131,23.1,5.0,10.2,0.0,7.9,1,1.5,0.5,2,1,1,N/A,0.5,0.5,0.5,0,0.5,0,1,0.5,0,0,0,0,0,0,1,1,0,0,0,0,1,1,0.5,0,0,0,0.5,0.5,1,0,1,0,0.5,0,0,0,0,0
ICA Gruppen,Sweden,SE0000652216,No,No,No,Yes,Yes,No,132,23.0,3.3,10.0,3.8,5.9,1,1,0,1.5,1,1,0.5,0.5,0,0,0,1.5,1,0.5,0.5,0,0,0.5,0,0,1,0,0,0,0,0,0,1,1,0.5,0,0,0,0,0.5,1,1,0.5,0,0,0,0,0,0.5,0
JM Smucker,United States of America,US8326964058,No,No,No,Yes,No,No,133,22.9,2.5,6.8,5.0,8.6,0.5,1,0,1,0,1,N/A,0,0.5,0,1,0,1,0.5,0,0,0,0.5,0.5,0,1,1,1,0,0,0,0,1,1,0.5,0,0,0,0,0.5,0.5,0,0.5,0.5,0.5,0.5,0,0,1.5,0
Marfrig,Brazil,BRMRFGACNOR0,No,No,Yes,Yes,No,No,134,22.7,3.3,10.9,3.8,4.7,1.5,0.5,0,1,1.5,1,N/A,0.5,0.5,0,1.5,0,0,1.5,0.5,0,0,0.5,0,0,1,0,0,0,0,0,0,1,1,0.5,0,0,0,0,0,0,0,0.5,0.5,0.5,0,0,0,1,0
Tongaat Hulett,South Africa,ZAE000096541,No,Yes,No,No,No,No,134,22.7,5.8,6.4,3.8,6.7,0.5,1,2,1.5,0.5,N/A,N/A,N/A,0.5,0.5,0,0,0,N/A,N/A,0,0,0.5,0,0.5,0.5,1,0,0,0,0,0,1,1,0.5,0,0,0,0,0,0.5,0,1,0,0,0,0,0,1.5,0.5
Biomar,Denmark,DK0010253921,No,No,Yes,No,No,No,136,22.4,4.2,8.3,1.9,8.0,2,0.5,0,1.5,0,1,1,N/A,0,0,1,0,0.5,N/A,N/A,0,0,N/A,N/A,0,0.5,1,0.5,0,0,0,0.5,1,1,0.5,0,0,0,0.5,0.5,0,0.5,0.5,0,0.5,0,0,0,1,N/A
Ebro Foods,Spain,ES0112501012,No,Yes,No,Yes,No,No,136,22.4,3.3,6.6,3.8,8.7,1,0.5,0.5,1,0.5,0,N/A,N/A,0.5,0.5,0,0.5,0.5,N/A,N/A,0,0,0.5,0,0,1,1,1,0,0,0,0,1,0,0.5,0,0.5,0.5,0.5,0.5,1,0,0.5,0.5,0.5,0,0,0,1,0
Magnit,Russia,RU000A0JKQU8,No,Yes,No,Yes,Yes,No,138,22.2,5.0,5.6,2.5,9.1,1,1,1,1,0,0,0,0,0,0.5,0.5,1.5,1,0,0,0,0,0,0,0,1,0,1,0,0,0,0,1,1,0.5,0,0.5,0.5,0.5,0,0.5,0.5,0.5,0.5,0,0,0,0,1,1.5
MHP,Ukraine,US55302T2042,No,Yes,Yes,Yes,Yes,No,138,22.2,4.2,4.8,5.0,8.2,0.5,1,1,0.5,0,0,N/A,0,0.5,0.5,0,0,0,1,1,0,0,0.5,0.5,0,1,1,0.5,0,0,0,0,1,1,0.5,0,0.5,0,0,0,1,0,1,0.5,0.5,0,0,0.5,0,0.5
Alimentation Couche-Tard,Canada,CA01626P4033,No,No,No,Yes,Yes,No,140,21.6,5.0,6.9,3.8,6.0,1.5,1,0.5,1,0,0.5,0,0.5,0.5,1,0,0.5,1,0.5,0,1,0,0,0.5,0,0,1,0,0,0,0,0,1,1,0.5,0,0,0,0.5,0.5,0.5,0,0.5,0.5,0,0,0,0,0,0
FGV Holdings,Malaysia,MYL5222OO004,No,Yes,No,Yes,No,No,140,21.6,5.8,6.6,1.3,8.0,1,1,1.5,1,0,0.5,N/A,N/A,0.5,0.5,0.5,0.5,0,N/A,N/A,0,0,0,0,0,0.5,1,1,0,0,0,0,0,0,0.5,0,1,0,0,0.5,1,0,0.5,0,0.5,0,0,1,1,0.5
Aeon,Japan,JP3388200002,No,No,No,Yes,Yes,No,142,21.3,3.3,7.5,2.5,8.0,1,1,0,0.5,0.5,0.5,0.5,0,0.5,1.5,0,1,1,0,0,0,0,0.5,0,0,0.5,1,1,1,1,0,0,0,0,0.5,0,0.5,0,0.5,0.5,0.5,0,0.5,0,0,0,0,0,0,0
Vion,Netherlands,,No,No,Yes,Yes,No,No,143,21.2,7.5,8.2,1.3,4.2,1.5,1,2,0.5,0,0,N/A,0.5,0.5,0,1,0.5,1,1,1,0,0,0,0,0,0.5,0,0,0,0,0,0,1,0,0,0,0,0,0,0,1,0,0.5,0.5,0,0,0,0.5,1,0
Perdue Farms,United States of America,,No,Yes,Yes,Yes,No,No,144,21.1,3.3,9.8,3.8,4.2,0.5,1.5,0,1.5,0,N/A,N/A,0.5,0.5,0.5,0.5,0,0.5,1.5,1,0.5,0.5,0,0,0,0.5,1,0,0,0,0,0,1,0,0.5,0,0,0,0,0.5,0,0,0,0,0.5,0,0,0,1,0
X5 Retail Group,Russia,US98387E2054,No,No,No,Yes,Yes,No,144,21.1,5.8,4.4,2.5,8.4,1,1,1.5,1.5,0.5,0,0,0.5,0,0,0,0.5,0.5,0,0,0,0,0.5,0.5,0,0,1,0.5,0,0,0,0,1,1,0.5,0,0,0.5,0.5,0.5,0.5,0.5,1,0.5,0.5,0,0,0,0,0
JBS,Brazil,BRJBSSACNOR8,No,No,Yes,Yes,No,No,146,20.9,3.3,8.9,2.5,6.2,1,1,0,1,1,1,N/A,0.5,0,0,0.5,0.5,0.5,1,0.5,0.5,0,0,0,0,0.5,0,1,0,0,0,0,1,1,0.5,0,0,0,0,0,1,0,0.5,0,0.5,0,0,0,1,0
Lamb Weston,United States of America,US5132721045,No,Yes,No,Yes,No,No,147,20.7,4.2,10.3,2.5,3.7,0.5,1,1,1,0,1,N/A,N/A,1,1,0.5,0.5,0.5,N/A,N/A,0,0,0.5,0,0,0.5,0,0.5,0,0,0,0,0.5,0.5,0.5,0,0,0,0,0,0,0,0.5,0,0.5,0,0,0,1,0
Boparan Holdings (2 Sisters Food Group),United Kingdom,,No,No,Yes,Yes,No,No,148,20.5,0.8,8.8,3.8,7.2,0.5,0,0,0,0,1,0.5,0.5,0.5,0.5,0,2,0.5,0.5,1,0,0,N/A,N/A,0,1,0,1,0,0,0,0,1,0,0.5,0,1,0,0,0.5,1,0.5,0,0,0.5,1,0,0,0.5,0
COOP Group,Switzerland,,No,No,No,Yes,Yes,No,148,20.5,3.3,11.3,1.3,4.7,1.5,0,0.5,1,0,1,1,0.5,1,1,0,0.5,1,1.5,0.5,0,0,0.5,0,0,0,0,0,0,0,0,0,0,0,0,0.5,0,0,0.5,0.5,1,0,0.5,0,0,0,0,0,1,1
Kernel Holding,Ukraine,LU0327357389,No,Yes,No,No,No,No,150,20.4,4.2,5.4,5.6,5.2,1,1,0.5,0.5,0,N/A,N/A,N/A,0.5,0.5,0,0.5,0.5,N/A,N/A,0,0.5,N/A,N/A,0,1,1,0,0,0,0,0,0,0,0.5,0,0,0.5,0,0.5,0.5,0,0.5,0.5,0.5,0,0,0,1,0
OSI Group,United States of America,,No,Yes,No,Yes,No,No,151,20.3,5.8,8.2,2.5,3.8,1.5,1,1,1.5,0.5,0.5,N/A,0.5,0.5,0,0.5,0,0.5,0.5,1,0,0,0,0,0,1,1,0,0,0,0,0,0,0,0.5,0,0,0,0,0.5,1,0,0,0,0,0,0,0,1,0
Salling Group,Denmark,,No,No,No,Yes,Yes,No,152,20.2,4.2,8.8,1.3,6.0,0.5,1,1,1,0.5,0.5,0.5,0.5,0,0.5,1,1.5,1,0,0,0,0,0,0,0,0.5,0,0.5,0,0,0,0,1,1,0.5,0,0.5,0,0,0.5,1,0.5,0.5,0,0,0,0,0,0,0
TreeHouse Foods,United States of America,US89469A1043,No,No,No,Yes,No,No,153,20.0,4.2,5.5,5.0,5.3,1.5,1,0,1,0,0.5,N/A,0,0,0.5,0.5,1,0.5,0,0,0,0,0.5,0,0,1.5,1,0,0,0,0,0,1,0,0.5,0,0,0,0.5,0,0.5,0,0.5,0.5,0.5,0,0,0,0,0.5
AGCO,United States of America,US0010841023,Yes,No,No,No,No,No,154,19.9,5.0,5.4,2.5,7.0,1.5,1,0.5,1,0,N/A,N/A,N/A,0.5,0.5,0,0.5,0,N/A,N/A,0,0.5,N/A,N/A,0,N/A,1,0,0,0,0,0,1,1,0.5,0,0,0,0,0.5,1,0,0.5,0.5,0,0,0,0,1,N/A
Total Produce,Ireland,IE00B1HDWM43,No,Yes,No,No,No,No,154,19.9,3.3,8.6,7.5,0.5,1,1,0,1,0,N/A,N/A,N/A,0.5,0.5,0,1,1,N/A,N/A,1.5,0,N/A,N/A,0,0.5,0,0,0,0,0,0,0,0,0,0,0,0,0,0.5,0,0,0,0,0,0,0,0,0,0
Sociedad Quimica y Minera (SQM),Chile,CLP8716Y1065,Yes,No,No,No,No,No,156,19.8,5.8,1.3,2.5,10.2,1,1,1.5,0.5,0,N/A,N/A,N/A,0,0,0,N/A,0,N/A,N/A,0,0,N/A,N/A,0.5,N/A,1,1,0,0,0,0.5,1,1,1,0,0,0.5,1,0.5,0.5,0,0.5,0.5,0.5,0,0,0,1,0
Parlevliet & Van der Plas,Netherlands,,No,No,Yes,Yes,No,No,157,19.6,3.3,6.8,7.5,2.0,1,0.5,0.5,0.5,0,0,1,0,N/A,N/A,0,0.5,1,1.5,0,0.5,0.5,0.5,0,1,0.5,0,1,0,0,0,0,0,0,0,0,0,0,0,0,0,0,0.5,0,0.5,0,0,0,0,N/A
Auchan,France,,No,No,No,Yes,Yes,No,158,19.3,3.3,6.9,6.3,2.8,0.5,1,0.5,0,0.5,0.5,0.5,0.5,0.5,0.5,0.5,0.5,1,0.5,0,1,0,1,0,0,0.5,1,0,0.5,0,0,0,0,0,0.5,0,0,0,0,0,0,0,0,0,0,0,0,0.5,0.5,0
Restaurant Brands International,Canada,CA76131D1033,No,No,No,No,No,Yes,159,19.2,5.0,4.8,3.8,5.7,1,1.5,0.5,0,0,1,N/A,0.5,0,0,0,0,1,0.5,0.5,0,0,0.5,0,0.5,0.5,1,0,0,0,0,0,1,0,0.5,0,0,0,0,0,1,0,0.5,0,0,0.5,0,0,1.5,0
LDC Groupe,France,FR0013204336,No,No,Yes,Yes,No,No,160,19.1,2.5,6.8,5.0,4.8,0.5,1,0,0,0,N/A,N/A,0,0.5,0,1,0.5,1.5,0.5,0.5,0.5,0,1,0,0,0.5,0,0.5,0,0,0,0,1,0,0.5,0,0,0,0,0,1,0,0.5,0.5,0,0,0,0,1,0
Suedzucker,Germany,DE0007297004,No,Yes,No,No,No,No,161,19.0,1.7,5.4,3.8,8.2,1,0,0,1,0.5,N/A,N/A,N/A,0.5,0,0,0,0.5,N/A,N/A,0.5,0,N/A,N/A,0,0.5,1,1,0,0,0,0,1,1,0.5,0,0,0,0.5,0.5,1,0,0.5,0,0.5,0,0,0,1,0
Viterra,Netherlands,CA92143B1004,No,Yes,No,No,No,No,162,18.8,2.5,5.6,3.8,6.9,0.5,1,0,1.5,0,0.5,N/A,N/A,0,0,0.5,0,0,N/A,N/A,0,0,N/A,N/A,0,1,1,1,0,0,0,0,1,1,0.5,0,0,0,0,0,0.5,0.5,0.5,0.5,0,0,0,0,0,0.5
K+S,Germany,DE000KSAG888,Yes,No,No,No,No,No,163,18.7,5.8,5.0,0.0,7.8,1.5,1.5,0.5,0.5,0.5,N/A,N/A,N/A,0,0.5,0.5,N/A,0,N/A,N/A,0,0,N/A,N/A,0,N/A,1,1,0,0,0,0,1,1,0.5,0,0,0,0,0.5,1,0,0.5,0.5,0,0,0,0,1,0
Mitsubishi Corporation,Japan,JP3898400001,Yes,Yes,Yes,Yes,No,No,164,18.5,3.3,6.9,2.5,5.8,1,1,0,1.5,0,1,0.5,0,0,0,0,1,1,0.5,0,0,0,0.5,0,0.5,0,1,1,0,0,0,0,1,0,0.5,0,0,0.5,0,0.5,0,0,0.5,0,0,0,0,0,1,0
Nippon Suisan Kaisha (Nissui),Japan,JP3718800000,No,No,Yes,Yes,No,No,164,18.5,7.5,3.8,3.8,3.5,1.5,1,2,0.5,0,0.5,0.5,0,0,0,0.5,0.5,0.5,0,0,0,0,0.5,0,0.5,0.5,0,0,0,0,0,0,1,0,0.5,0,0,0,0,0.5,0.5,0,0,0,0,0,0,0,1,N/A
Mewah,Singapore,KYG6074A1085,No,Yes,No,Yes,No,No,166,18.4,3.3,4.1,3.8,7.2,1,1,0,0.5,0,0.5,N/A,0,0,0.5,0.5,1,0,0,0,0,0,0,0.5,0.5,0.5,1,1,0,0,0,0.5,1,1,0.5,0,0,0,0,0.5,0,0,0.5,0,0.5,0,0,0,1,0
Savencia,France,FR0000120107,No,No,Yes,Yes,No,No,166,18.4,2.5,8.1,3.8,4.0,1.5,0,0,1.5,0.5,0,0.5,0.5,1,0,0.5,0.5,1,0.5,0,0,0,1,0,0,0.5,0,0.5,0.5,0,0,0,0.5,0.5,0.5,0,0,0,0,0.5,0,0,1,0,0,0,0,0,0,0
Amaggi Group,Brazil,,Yes,Yes,No,No,No,No,168,18.3,3.3,5.6,1.9,7.4,1,0.5,0.5,0,1,0.5,N/A,N/A,0.5,0.5,0,0.5,0,N/A,N/A,0,0,N/A,N/A,0,0.5,1,0.5,0,0,0,0,1,1,0.5,0,0,0.5,0.5,0.5,0.5,0,0.5,0.5,0,0,0,0,0,0.5
Shoprite Holdings,South Africa,ZAE000012084,No,No,No,Yes,Yes,No,168,18.3,6.7,6.3,2.5,2.8,1,1,2,0,0.5,0.5,1,0.5,0,0,0.5,1,1,0,0,0.5,0.5,0,0,0,0,0,0,0,0,0,0,1,0,0,0,0,0,0,0,1,0,0,0,0,0,0,0,1,0
Astra Agro Lestari,Indonesia,ID1000066004,No,Yes,No,No,No,No,170,18.2,3.3,7.5,1.9,5.5,1,0.5,0.5,1,0,0.5,N/A,N/A,0,0.5,0.5,1,0.5,N/A,N/A,0,0,N/A,N/A,0,0.5,1,0,0,0,0,0,1,1,0,0,0,0,0,0,0,0,0,0,0.5,0,0,0,1,1.5
Roquette,France,,No,Yes,No,No,No,No,170,18.2,2.5,2.1,5.6,7.9,0.5,1,0,0.5,0,N/A,N/A,N/A,0,0,0.5,0,0,N/A,N/A,1,0,N/A,N/A,0,0.5,1,1,0,0,0,0,1,1,0.5,0,0,0,0.5,0.5,0.5,0.5,0.5,0.5,0.5,0,0,0,0,0
Saputo,Canada,CA8029121057,No,No,Yes,Yes,No,No,170,18.2,4.2,7.5,2.5,4.0,1.5,1,0,0.5,0.5,0.5,N/A,0.5,0,0,0.5,1,1,1,0,0.5,0,0,0,0,0.5,0,1,0,0,0,0,0,0,0.5,0,0,0.5,0.5,0.5,0,0,0.5,0.5,0,0,0,0,0,0
China Mengniu Dairy,Hong Kong,KYG210961051,No,No,Yes,Yes,No,No,173,18.1,4.2,6.1,5.0,2.8,1,1,0.5,0.5,0,0.5,N/A,0,0,0,1,1,1,0.5,0,0.5,0.5,0,0.5,0,0.5,0,0,0,0,0,0,1,0,0,0,0,0,0,0,0,0,0.5,0.5,0,0,0,0,1,0
Louis Dreyfus Company,Netherlands,,Yes,Yes,No,No,No,No,174,18.0,3.3,7.5,1.9,5.2,0.5,0.5,1,1.5,0,0.5,N/A,N/A,0.5,0.5,1,0,0,N/A,N/A,0,0,N/A,N/A,0,0.5,0,0,0,0,0,0,1,1,0.5,0,0,0,0,0,1,0,0.5,0,0.5,0,0,0,1,0
Elior Group,France,FR0011950732,No,No,No,No,No,Yes,175,17.7,3.3,6.9,5.0,2.5,0.5,1.5,0,1,1,0.5,0,0.5,0.5,0.5,0,0.5,0.5,0.5,0,0.5,0,1,0,0,0.5,0,0,0.5,0,0,0,0,0,0,0,0,0,0.5,0.5,0.5,0,0.5,0,0,0,0,0,0,0
Mercadona,Spain,,No,No,No,Yes,Yes,No,176,17.5,3.3,4.4,2.5,7.3,1,1,0,0.5,0,0,0.5,0.5,0,0,0,0.5,1,0.5,0,0.5,0,0,0,0,0.5,0,0,0,0,0,0,1,1,0.5,0,0.5,0.5,0.5,0.5,1,0.5,0.5,0,0.5,0,0,0,0.5,0
Del Monte Pacific,United States of America,VGG270541169,No,Yes,No,Yes,No,No,177,17.4,5.0,5.6,3.8,3.0,1,1,1,0,0,0,N/A,N/A,0.5,1,0,0.5,1,N/A,N/A,0.5,0,0,0,0,1,1,0,0,0,0,0,0,0,0.5,0,0,0,0.5,0,0.5,0,0.5,0,0,0,0,0,0,0
Nichirei,Japan,JP3665200006,No,No,Yes,Yes,No,No,177,17.4,5.0,5.0,2.5,4.9,0.5,1.5,1,0.5,0,0.5,0.5,0.5,0,0.5,0.5,0.5,0.5,0,0,0,0,0.5,0,0,0.5,1,1,0,0,0,0,1,0,0.5,0,0,0,0.5,0,0,0,0.5,0,0.5,0,0,0,0,0
NH Foods,Japan,JP3743000006,No,No,No,Yes,No,No,179,17.3,4.2,6.9,1.3,5.0,1,1,0.5,1.5,0.5,0.5,0.5,0.5,0,0,0.5,0.5,1,0,0,0,0,0,0,0,0.5,1,1,0,0,0,0,0,0,0.5,0,0,0,0.5,0.5,1,0.5,0,0,0,0,0,0,0,0
Maruha Nichiro,Japan,JP3876600002,No,No,Yes,Yes,No,No,180,17.1,5.8,3.1,3.8,4.4,1,1,1.5,0.5,0,0,0.5,0,0,0,0,0.5,1,0,0,0.5,0,0,0,0.5,0.5,1,0.5,0,0,0,0,0,0,0.5,0,0,0,0.5,0.5,0.5,0,0.5,0,0.5,0,0,0,0,0
Grupo Arcor,Argentina,,No,Yes,No,Yes,No,No,181,16.7,3.3,4.4,7.5,1.5,1,1,0,0.5,0,0.5,0,0,0,0.5,0.5,0,1.5,0,0,1,0,1,0.5,0,0.5,0,0,0,0,0,0,0,0,0,0,0,0.5,0.5,0.5,0,0,0,0,0,0,0,0,0,0
Nisshin Seifun Group,Japan,JP3676800000,No,No,No,Yes,No,No,181,16.7,1.7,5.4,3.8,5.9,1,0,0,1,0.5,N/A,N/A,N/A,0,0,0,0.5,0.5,N/A,N/A,0.5,0,0,0,0.5,0.5,1,1,0,0,0,0,1,0,0.5,0,0,0,0.5,0.5,0.5,0,0.5,0,0.5,0,0,0,0,0
WH Group,Hong Kong,KYG960071028,No,No,Yes,Yes,No,No,183,16.6,5.0,4.8,5.0,1.8,1,1,1,0.5,0,0,N/A,0.5,0.5,0.5,0,0,0.5,0.5,0.5,0.5,0,0.5,0.5,0,0.5,0,0,0,0,0,0,0,0,0,0,0,0,0.5,0.5,0,0,0,0,0,0,0,0,1,0
Sigma Alimentos,Mexico,,No,No,No,Yes,No,No,184,16.3,2.5,5.5,2.5,5.8,1,0.5,0,0.5,0,0,N/A,0.5,0,0,1,1,1,0,0,0,0,0.5,0,0,0.5,1,0,0,0,0,0,1,1,0.5,0,0,0,0,0,1,0,0.5,0,0,0,0,0,1,0
Copersucar,Brazil,,No,Yes,No,No,No,No,185,16.2,1.7,4.3,3.8,6.5,1,0,0,0.5,0.5,N/A,N/A,N/A,0.5,0.5,0,0,0,N/A,N/A,0,0,N/A,N/A,0.5,0.5,0,0.5,0,0,0,0,1,1,1,0,0,0.5,0.5,0.5,1,0,0.5,0,0,0,0,0,0,0
Lotte Corporation,South Korea,KR7004990008,No,Yes,No,Yes,Yes,No,185,16.2,2.5,5.0,3.8,4.9,1.5,0,0,1.5,0.5,0.5,0,0,0,0,0.5,0.5,0.5,0,0,0,0,0.5,0,0,1,1,0,0,0,0,0,1,0,0.5,0,0,0,0,0.5,1,0,0.5,0,0.5,0,0,0,0,0
DMK (Deutsches Milchkontor),Germany,,No,No,Yes,Yes,No,No,187,16.1,2.5,6.8,1.3,5.5,1,0.5,0,1,0.5,0.5,N/A,0.5,0.5,0.5,0.5,0,0.5,0.5,0,0,0,0,0,0,0.5,1,0.5,0,0,0,0,1,0,0.5,0,0,0.5,0.5,0,1,0,0.5,0,0,0,0,0,0,0
Sucden,France,,No,Yes,Yes,No,No,No,187,16.1,2.5,7.5,1.9,4.2,0.5,1,0,0.5,0,1,N/A,0.5,0.5,0.5,1,0.5,0,1,0,0,0,N/A,N/A,0,0.5,1,0,0,0,0,0,0,0,0.5,0.5,0,0,0,0,0.5,0,0.5,0,0,0,0,0,1.5,0
Bidcorp,South Africa,,No,No,No,No,No,Yes,189,16.0,5.8,5.0,1.3,3.9,1.5,1,1,1.5,0.5,0,0,0,0,0,0.5,1,0.5,0,0,0,0,0,0,0,0.5,0,0,0,0,0,0,1,1,0.5,0,0,0,0,0,0.5,0,0.5,0,0.5,0,0,0,0,0
SSP Group,United Kingdom,GB00BGBN7C04,No,No,No,No,No,Yes,190,15.9,6.7,3.1,1.3,4.8,1,1,2,0.5,0,0,0,0.5,0,0,0,0.5,0.5,0.5,0,0,0,0,0,0,0.5,0,0.5,0,0,0,0,0,0,0.5,0.5,0.5,0,0.5,0,1,0.5,0,0,0.5,0.5,0,0,0,0
Dole Food,United States of America,US2566031017,No,Yes,No,Yes,No,No,191,15.8,0.8,8.6,1.9,4.5,0.5,0,0,0.5,0,N/A,N/A,N/A,1,1,0.5,0.5,0.5,N/A,N/A,0,0,N/A,N/A,0,0.5,1,0.5,0,0,0,0,1,1,0.5,0,0,0,0,0,0,0,0.5,0,0,0,0,0,0,0
Inghams,Australia,AU000000ING6,No,Yes,Yes,Yes,No,No,191,15.8,2.5,6.1,1.3,5.9,0.5,1,0,0.5,0,0,N/A,0.5,0.5,0,0.5,0,1,1,0.5,0,0,0,0,0,0.5,0,0,0,0,0,0,1,1,0.5,0,0,0,0,0.5,1,0,1,0.5,0,0,0,0,0.5,0
Savola Group,Saudi Arabia,SA0007879162,No,No,No,Yes,Yes,No,191,15.8,5.0,1.3,5.0,4.5,1,1,1,0.5,0,0,0,0,0,0,0,0.5,0,0,0,0,0,0.5,0,0.5,1,1,0,0,0,0,0,1,1,0.5,0,0,0,0.5,0,0,0,0.5,0,0,0,0,0,0,0
Nufarm,Australia,AU000000NUF3,Yes,No,No,No,No,No,194,15.7,5.0,3.8,0.0,6.9,1,1,1,1,0,0,N/A,N/A,0.5,0.5,0,0,0,N/A,N/A,0,0,N/A,N/A,0,N/A,1,1,0,0,0,0,1,0,0.5,0,0,0.5,0.5,0.5,1,0,0.5,0,0.5,0,0,0,0,0
Costco Wholesale,United States of America,US22160K1051,No,No,No,Yes,Yes,No,195,15.4,0.8,7.5,1.3,5.8,0,0.5,0,0,0,1,0.5,0.5,0.5,1,0,0.5,1,0.5,0.5,0,0,0,0,0,0.5,1,0.5,0,0,0,0,1,1,0.5,0,0,0,0,0.5,0,0,0.5,0,0,0,0,0,1,0
Calavo Growers,United States of America,US1282461052,No,Yes,No,Yes,No,No,196,15.3,2.5,5.4,2.5,4.9,0.5,1,0,0,0,N/A,N/A,N/A,0,1,0,0.5,1,N/A,N/A,0,0,0,0,0,1,0,0.5,0,0,0,0,1,1,0.5,0,0,0,0,0,1,0,0,0.5,0.5,0,0,0,0,0
Yum China,China,US98850P1093,No,No,No,No,No,Yes,197,15.2,5.8,6.3,1.3,1.8,1,1,1.5,0.5,0,0.5,0,0.5,0.5,0.5,0.5,0.5,1,0.5,0,0.5,0,0,0,0,0,0,0,0,0,0,0,0,0,0.5,0,0,0,0,0.5,0,0,0,0,0.5,0,0,0,0.5,0
Cosan,Brazil,BRCSANACNOR6,No,Yes,No,No,No,No,198,15.0,4.2,5.4,0.0,5.5,1,0.5,1,0.5,0.5,N/A,N/A,N/A,0.5,0,0.5,0.5,0,N/A,N/A,0,0,N/A,N/A,0,0,0,0,0,0,0,0,1,1,0.5,0,0,0,0.5,0,1,0.5,0.5,0.5,0,0,0,0,0,0
ED&F Man,United Kingdom,,No,Yes,No,No,No,No,198,15.0,1.7,3.3,1.9,8.1,0,1,0,0,0,0,0,N/A,0.5,0.5,0,0.5,0.5,N/A,N/A,0,0,N/A,N/A,0,0.5,1,1,0,0,0,0,1,0,0.5,0,0,0,0,0,1,0.5,0.5,0.5,0.5,0,0,0.5,1.5,0
Graincorp,Australia,AU000000GNC9,No,Yes,No,No,No,No,198,15.0,3.3,4.3,0.0,7.3,0.5,1.5,0,0.5,0,N/A,N/A,N/A,0,0,0.5,0.5,0.5,N/A,N/A,0,0,N/A,N/A,0,0,1,0,0,0,0,0,1,1,0.5,0.5,0,0,0.5,0,1,0,0.5,0.5,0.5,0.5,0,0,0,0
Tereos,France,,No,Yes,No,No,No,No,198,15.0,1.7,6.4,3.8,3.2,1,0,0,0,0,N/A,N/A,N/A,1,0.5,0,1,0.5,N/A,N/A,0.5,0,N/A,N/A,0,0.5,0,0,0,0,0,0,0,0,0,0,0,0.5,0,0,0.5,0,0.5,0,0,0,0,0,1,1
"Yildiz Holding (Godiva Chocolatier, Pladis, Ulker)",Turkey,,No,Yes,No,Yes,No,No,198,15.0,2.5,4.4,3.8,4.4,0.5,1,0,0.5,0.5,0.5,0,0,0.5,0.5,0,0.5,0.5,0,0,1,0,0,0,0,0.5,1,0,0,0,0,0,1,0,0.5,0,0,0,0.5,0,0.5,0,0.5,0,0.5,0,0,0,0,0
Marubeni Corporation,Japan,JP3877600001,Yes,Yes,Yes,Yes,No,No,203,14.9,4.2,3.8,1.3,5.7,1.5,1,0,1,0.5,0,0.5,0.5,0,0,0,0.5,0,0,0,0,0,0,0,0.5,0,1,1,0,0,0,0,1,0,0.5,0,0,0,0.5,0,0,0,0.5,0,0.5,0,0,0,1,0
Autogrill,Italy,IT0001137345,No,No,No,No,No,Yes,204,14.8,4.2,3.1,2.5,5.0,1,1,0.5,1,0,0,0,0.5,0,0,0,0.5,0.5,0,0,0,0,0.5,0,0,0.5,0,0.5,0,0,0,0,1,0,0.5,0,0,0,0.5,0.5,1,0,0.5,0.5,0,0,0,0,0,0
Megmilk Snow Brand,Japan,JP3947800003,No,No,Yes,Yes,No,No,205,14.7,2.5,6.8,2.5,2.9,0.5,1,0,1.5,0.5,1,N/A,0,0,0,0.5,1,0.5,0,0,0,0,0,0,0.5,0.5,1,0,0,0,0,0,0,0,0,0,0,0,0.5,0.5,0.5,0,0,0,0,0,0,0,0.5,0
Driscoll's,United States of America,,No,Yes,No,No,No,No,206,14.6,0.0,5.4,7.5,1.7,0,0,0,0,0,N/A,N/A,N/A,0.5,1,0,0,1,N/A,N/A,1.5,0,N/A,N/A,0,0.5,0,0,0,0,0,0,0,0,0.5,0,0,0,0,0,0,0,0,0,0,0,0,0.5,1,0
Kewpie Corporation,Japan,JP3244800003,No,Yes,No,Yes,No,No,206,14.6,4.2,5.5,2.5,2.5,1.5,1,0,0.5,0,0.5,N/A,0,0,0.5,0.5,1.5,0.5,0,0,0,0,0.5,0,0,0.5,1,0,0,0,0,0,0,0,0,0,0,0,0.5,0,0.5,0,0.5,0,0,0,0,0,0,0
Sobeys,Canada,CA8335771090,No,No,No,Yes,Yes,No,206,14.6,2.5,6.9,1.3,4.0,0.5,1,0,0,0,1,1,0.5,0,0,0,1.5,1,0.5,0,0,0.5,0,0,0,0,0,0,0,0,0,0,1,1,0.5,0,0,0,0,0.5,1,0,0,0,0,0,0,0,0,0
Cencosud,Chile,CL0000000100,No,No,No,Yes,Yes,Yes,209,14.5,2.5,4.4,1.3,6.4,1,0,0.5,0.5,0.5,0,0.5,0.5,0,0.5,0,0.5,0.5,0,0,0,0,0.5,0,0,0,1,1,0,0,0,0,1,1,0.5,0,0,0,0.5,0.5,0,0,0.5,0,0.5,0,0,0,0,0
Central Retail,Thailand,,No,No,No,Yes,Yes,Yes,209,14.5,3.3,3.1,1.3,6.8,0.5,1,0.5,0.5,0,0.5,0,0.5,0,0,0,0.5,0.5,0,0,0,0,0,0,0,0.5,1,0,0,0,0,0,1,1,0.5,0,0,0,0,0.5,1,0,0.5,0.5,0,0,0,0,1,0
RCL Foods,South Africa,ZAE000179438,No,Yes,Yes,Yes,No,No,211,14.2,3.3,6.1,3.8,1.0,1,1,0,1,1,0,N/A,0.5,0,0,0.5,0.5,1,0,0,0,0.5,0.5,0,0,0.5,0,0,0,0,0,0,0,0,0.5,0,0,0.5,0,0,0,0,0,0,0,0,0,0,0,0
Cosun,Netherlands,,No,Yes,No,Yes,No,No,212,14.0,3.3,3.8,2.5,4.4,1,0,1,0,0,0.5,N/A,N/A,0.5,0.5,0,0,0.5,N/A,N/A,0,0,0,0,0,1,1,0,0,0,0,0,1,0,0.5,0,0,0,0,0,0.5,0.5,0.5,0,0.5,0,0,0,0,0
M Dias Branco,Brazil,BRMDIAACNOR7,No,No,No,Yes,No,No,213,13.9,2.5,3.4,2.5,5.5,0.5,0.5,0.5,0.5,0,0,N/A,0,0,0,0,0,1.5,0.5,0,0.5,0,0,0,0,0.5,1,0,0,0,0,0,1,1,0.5,0,0,0,0,0,1,0,0.5,0.5,0,0,0,0,0,0
Post Holdings,United States of America,US7374461041,No,No,No,Yes,No,No,214,13.8,2.5,4.1,1.3,5.9,1,0.5,0,0,0,1,N/A,0.5,0,0.5,0,0.5,0.5,0,0,0,0,0,0,0,0.5,1,0.5,0,0,0,0,1,1,0.5,0,0,0,0,0,1,0,0.5,0,0.5,0,0,0,0,0
Ezaki Glico,Japan,JP3161200005,No,Yes,No,Yes,No,No,215,13.7,3.3,2.7,3.8,3.9,1,1,0,1,0,0,N/A,0,0,0,0,0.5,0.5,0,0,0,0,0.5,0,0.5,0.5,1,1,0,0,0,0,1,0,0,0,0,0,0,0,0,0,0.5,0,0.5,0,0,0,0,0
Van Drie Group,Netherlands,,No,No,Yes,Yes,No,No,215,13.7,5.0,6.1,1.3,1.3,1,0.5,1.5,0.5,0,0.5,N/A,0,0,0,0,1,1,0.5,1,0,0,0,0,0,0.5,0,0,0,0,0,0,0,0,0.5,0,0,0,0,0,0,0,0,0,0,0,0,1,0,0
KWS,Germany,DE0007074007,Yes,No,No,No,No,No,217,13.5,4.2,2.1,0.0,7.2,1,1,0.5,0,0,N/A,N/A,N/A,0.5,0.5,0,0,0,N/A,N/A,0,0,N/A,N/A,0,N/A,0,0,0,0,0,0,1,1,0.5,0,0,0.5,0,0.5,1,0,0.5,0.5,0.5,0,0,0,1.5,0
Muyuan Foods,China,CNE100001RQ3,No,Yes,Yes,Yes,No,No,218,13.4,4.2,3.4,5.0,0.8,1,1,0.5,0,0,0.5,N/A,0,0,1,0,0,0,0.5,0.5,0,0,0,0,0,2,0,0,0,0,0,0,0,0,0,0,0,0,0,0,0,0,0,0,0,0,0,0,1,0
Iseki,Japan,JP3139600005,Yes,No,No,No,No,No,219,13.3,4.2,2.1,5.0,2.0,1.5,1,0,0.5,0,N/A,N/A,N/A,0,0.5,0,0,0,N/A,N/A,0,1,N/A,N/A,0,N/A,0,0,0,0,0,0,0,0,0,0,0,0,0,0.5,0.5,0,0,0,0,0,0,0,1,N/A
Kikkoman Corporation,Japan,JP3240400006,No,Yes,No,Yes,No,No,220,13.0,2.5,2.0,5.0,3.4,0.5,1,0,0.5,0,0,N/A,0,0,0,0.5,0.5,0,0,0,0.5,0,0.5,0.5,0,0.5,1,0.5,0,0,0,0,0,0,0,0,0,0,0,0.5,0.5,0,0.5,0,0.5,0,0,0,0,0
PHW Group,Germany,,No,No,Yes,Yes,No,No,221,12.9,3.3,6.8,1.3,1.5,1.5,0,0.5,0.5,0,1,N/A,1.5,0,0,0,0,1,0.5,0.5,0,0,0,0,0.5,0,0,0.5,0,0,0,0,0,0,0,0,0.5,0,0,0,0,0,0.5,0,0,0,0,0,0,0
Indian Farmers Fertiliser Cooperative (IFFCO),India,,Yes,No,No,No,No,No,222,12.6,0.0,4.3,7.5,0.8,0,0,0,0,0,N/A,N/A,N/A,0.5,1,0,0.5,0,N/A,N/A,0,1,N/A,N/A,0.5,N/A,0,0,0,0,0,0,0,0,0,0,0,0,0,0,0,0,0,0,0,0,0,0,1,0
Agrifirm,Netherlands,,No,Yes,No,No,No,No,223,12.1,5.0,4.7,1.9,0.5,1,1,1,1,0,0.5,N/A,N/A,0.5,0.5,0,0,0,N/A,N/A,0,0,N/A,N/A,0,0.5,0,0,0,0,0,0,0,0,0,0,0,0,0,0,0.5,0,0,0,0,0,0,0,0,0
Constellation Brands,United States of America,US21036P1084,No,No,No,Yes,No,No,223,12.1,0.0,8.6,0.0,3.5,0,0,0,1,0.5,N/A,N/A,N/A,1,1,0,0.5,0,N/A,N/A,0,N/A,0,0,0,0,0,0,0,0,0,0,1,0,0.5,0,0,0.5,0,0,0.5,0,0.5,0.5,0,0,0,0,0,0
Ocean Spray Cranberries,United States of America,US6750222068,No,Yes,No,Yes,No,No,225,11.6,1.7,4.7,3.8,1.5,0.5,0.5,0,0,0,0,N/A,N/A,0.5,0.5,0,0.5,1,N/A,N/A,0,0,0.5,0,0.5,0.5,0,1,0,0,0,0,0,0,0,0,0,0,0,0,0.5,0,0,0,0,0,0,0,0,0
Albertsons Companies,United States of America,US0130911037,No,No,No,Yes,Yes,No,226,11.5,1.7,5.6,1.3,3.0,0,1,0,0,0,0.5,1,0.5,0,0.5,0,0.5,1,0.5,0,0,0,0,0,0,0.5,0,0,0,0,0,0,1,0,0.5,0,0,0.5,0,0,0.5,0,0.5,0,0,0,0,0,0,0
Cooperatie Coforta,Netherlands,,No,Yes,No,No,No,No,226,11.5,0.0,2.1,9.4,0.0,0,0,0,0,0,N/A,N/A,N/A,0,0.5,0,0,0.5,N/A,N/A,1.5,0,N/A,N/A,0,1,0,0,0,0,0,0,0,0,0,0,0,0,0,0,0,0,0,0,0,0,0,0,0,0
Indofood,Indonesia,ID1000057003,No,Yes,No,Yes,No,No,228,11.4,2.5,1.4,3.8,3.8,0.5,1,0,0,0,0,N/A,0,0,0.5,0,0,0.5,0,0,0.5,0,0,0,0.5,0.5,1,0.5,0,0,0,0,1,0,0.5,0,0,0,0,0,0,0,0,0,0,0,0,0,1,0
ECOM Agroindustrial,Switzerland,,No,Yes,No,No,No,No,229,11.3,0.8,3.8,0.0,6.7,0.5,0,0,0,0,0.5,N/A,N/A,0.5,0.5,0,0.5,0,N/A,N/A,0,0,N/A,N/A,0,0,0,1,0,0,0,0,1,1,0.5,0,0,0,0,0,1,0.5,0.5,0,0,0,0,0,1.5,0
EuroChem,Switzerland,,Yes,No,No,No,No,No,229,11.3,2.5,3.8,2.5,2.5,0.5,0.5,0.5,0,0.5,N/A,N/A,N/A,0,1,0,N/A,0,N/A,N/A,0.5,0,N/A,N/A,0,N/A,0,0,0,0,0,0,0,0,0.5,0,0,0,0,0,1,0,0.5,0.5,0,0,0,0,0,0
Tingyi (Cayman Islands) Holding,China,KYG8878S1030,No,No,No,Yes,No,No,229,11.3,4.2,2.5,3.8,0.8,1,1,0.5,1,0,0,0,0,0,0,0.5,0,0.5,0,0,0.5,0,0,0,0,1,0,0,0,0,0,0,0,0,0,0,0,0,0,0,0,0,0,0,0,0,0,0,1,0
Dairy Farmers of America,United States of America,,No,No,Yes,Yes,No,No,232,11.0,1.7,5.5,2.5,1.3,1,0,0,1,1,0,N/A,0,1,0.5,0,0.5,0,0,0,0,0,0,0,0,1,0,0,0,0,0,0,0,0,0.5,0,0,0,0,0,0,0,0,0,0,0,0,0,1,0
Universal Robina,Philippines,PHY9297P1004,No,Yes,Yes,Yes,No,No,232,11.0,2.5,3.4,1.3,3.8,1,0.5,0,0,0,0,N/A,0,0,0,1,0.5,0.5,0,0.5,0,0,0,0,0,0.5,0,0,0,0,0,0,1,1,0.5,0,0,0,0,0,0.5,0,0,0,0,0,0,0,1,0
DLG Group,Denmark,,Yes,Yes,No,No,No,No,234,10.9,1.7,5.0,1.9,2.3,0.5,0.5,0,1,0,1,0,N/A,0.5,0.5,0,0,0,N/A,N/A,0,0,N/A,N/A,0,0.5,0,0.5,0,0,0,0,0,0,0.5,0,0,0,0,0,0,0,0.5,0,0,0,0,0,1,0
Land O'Lakes,United States of America,,Yes,Yes,Yes,Yes,No,No,234,10.9,0.8,2.0,1.3,6.7,0.5,0,0,0,0,0,N/A,0.5,0.5,0,0,0.5,0,0,0,0,0,0,0,0,0.5,1,0.5,0,0,0,0,1,1,0.5,0,0,0,0,0,1,0,0.5,0,0.5,0,0,0,1,0
B&G Foods,United States of America,US05508R1068,No,No,No,Yes,No,No,236,10.8,1.7,0.0,1.3,7.9,0,1,0,0,0,0,N/A,0,0,0,0,0,0,0,0,0,0,0,0,0,0.5,1,1,0,0,0,0,1,1,0.5,0,0,0.5,0,0.5,1,0,0.5,0.5,0.5,0,0,0,0,0
Flour Mills of Nigeria,Nigeria,NGFLOURMILL0,No,Yes,No,Yes,No,No,237,10.4,5.8,0.0,1.3,3.3,1,1,1.5,0,0,0,0,0,0,0,0,0,0,0,0,0,0,0,0,0,0.5,0,0,0,0,0,0,0,0,0.5,0,0,0.5,0,0,1,0,0.5,0,0,0,0,0,1,0
Danish Agro,Denmark,,Yes,Yes,Yes,No,No,No,238,10.3,1.7,1.4,3.8,3.5,0.5,0.5,0,0.5,0,0.5,0,N/A,0,0,0,0,0,0,0,0,0,N/A,N/A,0,1,1,0,0,0,0,0,0,0,0.5,0,0,0,0,0.5,1,0,0.5,0,0,0,0,0,0,0
"FCF Co., Ltd.",Taiwan,,No,No,Yes,Yes,No,No,238,10.3,3.3,3.8,1.3,2.0,0.5,1,0.5,0.5,0,0,0.5,0.5,N/A,N/A,0,0.5,0.5,0,0,0,0,0,0,0,0.5,0,1,0,0,0,0,0,0,0.5,0,0,0,0,0,0,0,0,0,0.5,0,0,0,0,N/A
Bachoco,Mexico,MX01BA1D0003,No,No,Yes,Yes,No,No,240,10.2,0.8,1.4,5.0,3.0,0.5,0,0,0.5,0,0,N/A,0,0,0,0,0,0,0.5,0,0,0,0.5,0,0.5,1,0,0,0,0,0,0,1,1,0,0,0,0,0,0,0.5,0,0.5,0,0,0,0,0,0,0
Fomento Económico Mexicano (FEMSA),Mexico,MXP320321310,No,No,No,Yes,Yes,No,241,9.8,2.5,3.1,1.3,2.9,0.5,1,0,1,0,0,0,0,0,0,0.5,0.5,0.5,0,0,0,0,0.5,0,0,0,1,0,0,0,0,0,0,0,0.5,0,0,0.5,0,0,0,0,0.5,0,0.5,0,0,0,0,0
Kyokuyo,Japan,JP3257200000,No,No,Yes,No,No,No,241,9.8,0.8,5.0,2.5,1.5,0,0.5,0,0.5,0.5,0,0.5,0,0,0,1,1.5,0,0,0,0.5,0,0,0,0,0.5,1,0,0,0,0,0,0,0,0.5,0,0,0,0,0,0,0,0,0,0,0,0,0,0,N/A
Gruppo Veronesi,Italy,,No,Yes,Yes,Yes,No,No,243,9.6,2.5,4.4,1.3,1.5,1,0,0.5,0.5,1,0,0,0,0,0,0,0,0.5,0.5,1,0,0,0,0,0,0.5,0,0,0,0,0,0,0,0,0.5,0,0,0.5,0.5,0,0,0,0,0,0,0,0,0,0,0
Want Want China,China,KYG9431R1039,No,No,No,Yes,No,No,243,9.6,2.5,2.8,3.8,0.5,1,0,0.5,0.5,0,0,N/A,N/A,0,0,0.5,0,0.5,N/A,N/A,0.5,0,0.5,0,0,0.5,0,0,0,0,0,0,0,0,0,0,0,0,0.5,0,0,0,0,0,0,0,0,0,0,0
Union Invivo,France,,Yes,Yes,No,Yes,Yes,No,245,9.5,3.3,5.4,0.0,0.8,1,1,0,0,0,N/A,N/A,N/A,0.5,0.5,0,0.5,1,N/A,N/A,0,0,0,0,0,0,0,0,0,0,0,0,0,0,0,0,0,0,0,0,0,0,0,0,0,0,0,0,1,0
Sunkist Growers,United States of America,,No,Yes,No,No,No,No,246,8.5,0.0,0.0,5.6,2.9,0,0,0,0,0,N/A,N/A,N/A,0,0,0,0,0,N/A,N/A,1.5,0,N/A,N/A,0,0,0,0,0,0,0,0,1,1,0,0,0,0,0,0,0,0,0.5,0,0,0,0,0,0.5,0
Darden Restaurants,United States of America,US2371941053,No,No,No,No,No,Yes,247,8.4,0.0,3.1,1.3,4.0,0,0,0,0.5,0,0,0,0,0,0,0,0.5,0.5,0.5,0.5,0,0,0,0,0,0.5,0,0,0,0,0,0,1,1,0.5,0,0,0,0.5,0,0.5,0,0.5,0,0,0,0,0,0,0
Starzen,Japan,JP3399100001,No,No,Yes,Yes,No,No,247,8.4,2.5,3.4,2.5,0.0,0.5,1,0,0,0,0,N/A,0.5,0,0,0.5,1,0.5,0,0,0,0,0.5,0,0,0.5,0,0,0,0,0,0,0,0,0,0,0,0,0,0,0,0,0,0,0,0,0,0,0,0
Subway,United States of America,,No,No,No,No,No,Yes,247,8.4,0.8,1.9,1.3,4.4,0.5,0,0,0,0,0,0,0.5,0,0,0,0,0,0.5,0.5,0,0,0.5,0,0,0,1,1,0,0,0,0,0,0,0.5,0,0.5,0,0,0,0.5,0,0.5,0,0.5,0,0,0,0,0
Taylor Farms,United States of America,,No,Yes,No,Yes,No,No,247,8.4,0.0,5.4,2.5,0.5,0,0,0,1,0,N/A,N/A,N/A,0,0,0,0.5,1,N/A,N/A,0,0,0,0,0,1,0,0,0,0,0,0,0,0,0,0,0,0,0,0,0.5,0,0,0,0,0,0,0,0,0
George Weston (Weston Foods & Loblaw),Canada,CA9611485090,No,No,No,Yes,Yes,No,251,8.3,0.0,5.0,1.3,2.0,0,0,0,0.5,0.5,0.5,0.5,0.5,0,0.5,0,0.5,0.5,0,0,0,0,0,0,0,0.5,0,0,0,0,0,0,0,0,0.5,0,0,0.5,0,0.5,0.5,0,0,0,0,0,0,0,0,0
Les Mousquetaires (Intermarche),France,,No,No,No,Yes,Yes,No,251,8.3,1.7,4.4,1.3,1.0,0.5,0.5,0,0,0,0,0.5,0,0.5,0.5,0,1,0,1,0,0,0,0,0,0,0.5,0,0,0,0,0,0,0,0,0.5,0,0,0,0,0,0.5,0,0,0,0,0,0,0,0,0
Wonderful Company,United States of America,,No,Yes,No,Yes,No,No,251,8.3,0.8,6.4,0.0,1.0,0.5,0,0,0,0,N/A,N/A,N/A,1,0.5,0,0.5,1,N/A,N/A,0,0,0,0,0,0,0,0,0,0,0,0,0,0,0,0,0,0,0,0,1,0,0,0,0,0,0,0,0,0
Yili Group,China,CNE000000JP5,No,No,Yes,Yes,No,No,254,8.2,0.8,0.6,3.8,3.0,0,0.5,0,0.5,0,0,0,0,0,0,0,0,0,0,0,0,0.5,0,0,0,1,0,0,0,0,0,0,1,1,0,0,0,0,0,0.5,0,0,0.5,0,0,0,0,0,0,0
San Miguel Food and Beverage,Philippines,PHY7510J1668,No,Yes,Yes,Yes,No,No,255,8.1,0.0,0.6,1.3,6.2,0,0,0,0,0,0,0,0.5,0,0,0,0,0,0,0,0,0,0,0,0,0.5,1,0,0,0,0,0,1,1,0.5,0,0,0,0,0,1,0,0.5,0,0.5,0,0,0,1,0
J.R. Simplot,United States of America,,Yes,Yes,No,Yes,No,No,256,8.0,0.0,1.9,1.3,4.9,0,0,0,1,0,0,0,0,0,0,0.5,0,0,0,0,0,0,0,0,0,0.5,1,0,0,0,0,0,1,1,0.5,0,0,0,0,0,0.5,0,0.5,0,0.5,0,0,0,0,0
China Resources Holdings,China,,No,Yes,Yes,Yes,Yes,No,257,7.7,4.2,1.3,0.0,2.2,1,0.5,1,0.5,0,0,0,0,0,0,0,0,0.5,0,0,0,0,0,0,0,0,0,0,0,0,0,0,0,0,0,0,0,0,0,0,0.5,0,0.5,0,0,0,0,0,1.5,0
CHS,United States of America,US12542R2094,Yes,Yes,No,No,No,No,258,7.6,0.8,1.9,0.0,4.9,0.5,0,0,0,0,0,N/A,N/A,0.5,0.5,0,0,0,N/A,N/A,0,0,N/A,N/A,0,0,0,0,0,0,0,0,1,1,0.5,0,0,0,0,0,1,0,0.5,0.5,0,0,0,0,0.5,0
Sinomach (YTO Group),China,CNE0000017D0,Yes,No,No,No,No,No,259,7.4,4.2,3.2,0.0,0.0,1,1,0.5,0,0,N/A,N/A,N/A,0,1,0.5,0,0,N/A,N/A,0,0,N/A,0,0,N/A,0,0,0,0,0,0,0,0,0,0,0,0,0,0,0,0,0,0,0,0,0,0,0,N/A
Thai Roong Ruang,Thailand,,No,Yes,No,No,No,No,260,7.3,0.0,2.1,1.9,3.2,0,0,0,0,0,N/A,N/A,N/A,0.5,0.5,0,0,0,N/A,N/A,0,0,N/A,N/A,0,0.5,1,0,0,0,0,0,0,0,0.5,0,0,0,0,0,0,0,0.5,0,0,0,0,0.5,1,0
COFCO,China,,No,Yes,Yes,Yes,Yes,No,261,7.0,3.3,1.9,0.0,1.7,1,0.5,0.5,0,0.5,0,0,0.5,0,0.5,0,0,0,0,0,0,0,0,0,0,0,0,0,0,0,0,0,0,0,0,0,0,0,0,0,0.5,0,0,0,0,0,0,0,1.5,0
Agropur,Canada,,No,No,Yes,Yes,No,No,262,6.9,0.0,2.0,2.5,2.3,0,0,0,0,0,0,N/A,0,0,0,0,0.5,0.5,0.5,0,0,0,0,0,0,1,0,0,0,0,0,0,0,0,0.5,0,0,0,0,0,0.5,0,0.5,0,0,0,0,0,1,0
Jollibee,Philippines,PHY4466S1007,No,No,No,No,No,Yes,262,6.9,0.8,0.0,1.3,4.8,0.5,0,0,0,0,0,0,0,0,0,0,0,0,0,0,0,0,0,0,0,0.5,0,0,0,0,0,0,1,1,0.5,0,0,0.5,0,0,0.5,0,0.5,0,0,0,0,0,1,0
American Crystal,United States of America,US0253033064,No,Yes,No,No,No,No,264,6.8,0.0,0.0,3.8,3.0,0,0,0,0,0,N/A,N/A,N/A,0,0,0,0,0,N/A,N/A,0,0,N/A,N/A,0,1,0,0,0,0,0,0,1,1,0.5,0,0,0,0,0,0,0,0.5,0,0,0,0,0,0,0
Migros,Switzerland,,No,No,No,Yes,Yes,No,264,6.8,0.0,3.8,0.0,3.0,0,0,0,0.5,0,0,0.5,0.5,0,0,0,0.5,0.5,0.5,0,0,0,0,0,0,0,0,0,0,0,0,0,1,0,0.5,0,0,0.5,0,0,0.5,0,0.5,0,0,0,0,0,0,0
New Hope Group,China,CNE000000VB0,No,Yes,Yes,Yes,No,No,264,6.8,3.3,1.4,1.3,0.8,1,0.5,0.5,0.5,0,0,N/A,0,0,0,0,0,0.5,0,0,0,0,0,0,0,0.5,0,0,0,0,0,0,0,0,0,0,0,0,0,0,0,0,0,0,0,0,0,0,1,0
Fufeng Group,China,KYG368441195,No,Yes,No,No,No,No,267,6.6,3.3,0.9,1.9,0.5,0,1,1,0.5,0,0,N/A,N/A,0,0,0,0,0,N/A,N/A,0,0,N/A,N/A,0,0.5,0,0,0,0,0,0,0,0,0,0,0,0,0,0,0,0,0.5,0,0,0,0,0,0,0
Gruppo Cremonini,Italy,IT0001282547,No,No,Yes,Yes,No,Yes,268,6.4,0.0,3.1,1.3,2.0,0,0,0,0.5,0,0,0.5,0,0,0,0,0.5,0.5,0.5,0,0,0,0,0,0,0.5,0,0,0,0,0,0,0,0,0.5,0,0,0,0,0,1,0,0.5,0,0,0,0,0,0,0
Claas,Germany,,Yes,No,No,No,No,No,269,6.3,0.0,4.3,0.0,2.0,0,0,0,0,0.5,N/A,N/A,N/A,1,0.5,0,0,0,N/A,N/A,0,0,N/A,N/A,0,N/A,0,0,0,0,0,0,0,0,0,0,0,0,0,0,1,0,0,0,0,0,0,0,1,N/A
Schreiber,United States of America,,No,No,Yes,Yes,No,No,269,6.3,0.0,4.8,0.0,1.5,0,0,0,1.5,1,0,N/A,0.5,0,0,0.5,0,0,0,0,0,0,0,0,0,0,0,0,0,0,0,0,0,0,0.5,0,0,0,0,0,0.5,0,0.5,0,0,0,0,0,0,0
De Heus,Netherlands,,No,Yes,No,No,No,No,271,6.1,0.0,0.7,1.9,3.5,0,0,0,0,0,0,0,N/A,0,0,0,0.5,0,0,0,0,0,N/A,N/A,0,0.5,1,0,0,0,0,0,0,0,0.5,0,0,0,0,0,1,0,0.5,0.5,0,0,0,0,0,0
Dongwon Enterprise,South Korea,,No,Yes,Yes,Yes,No,No,271,6.1,0.8,0.0,1.3,4.0,0,0,0.5,0,0,0,0,0,N/A,N/A,0,0,0,0,0,0,0,0,0,0,0.5,0,0,0,0,0,0,1,1,0.5,0,0,0,0.5,0,0.5,0,0.5,0,0,0,0,0,0,0
Gruma,Mexico,MXP4948K1056,No,No,No,Yes,No,No,271,6.1,0.0,0.0,1.3,4.8,0,0,0,0,0,0,N/A,N/A,0,0,0,0,0,N/A,N/A,0,0,0,0,0,0.5,0,0,0,0,0,0,1,1,0.5,0,0,0,0,0,1,0,0.5,0,0,0,0,0,1,0
Trident Seafoods,United States of America,KR7009830001,No,No,Yes,Yes,No,No,274,6.0,0.0,1.5,2.5,2.0,0,0,0,0,0,0,0.5,0,N/A,N/A,0,0.5,0,0,0,0,0,0,0,0.5,0.5,0,0,0,0,0,0,1,1,0,0,0,0,0,0,0,0,0,0,0,0,0,0,0,N/A
Wilbur-Ellis,United States of America,,Yes,Yes,No,No,No,No,274,6.0,1.7,2.5,1.9,0.0,0.5,0.5,0,0,0,0,0,N/A,0.5,0.5,0,0.5,0,N/A,N/A,0,0,N/A,N/A,0,0.5,0,0,0,0,0,0,0,0,0,0,0,0,0,0,0,0,0,0,0,0,0,0,0,0
Publix Super Markets,United States of America,,No,No,No,Yes,Yes,No,276,5.8,0.8,5.0,0.0,0.0,0.5,0,0,0.5,0,0,0.5,0,0.5,0,0,1,1,0.5,0,0,0,0,0,0,0,0,0,0,0,0,0,0,0,0,0,0,0,0,0,0,0,0,0,0,0,0,0,0,0
Yonghui Superstores,China,CNE100000XX9,No,No,No,No,Yes,No,276,5.8,3.3,1.3,1.3,0.0,0.5,0.5,1,0,0,0,0,0,0.5,0,0,0,0.5,0,0,0,0,0,0,0,0.5,0,0,0,0,0,0,0,0,0,0,0,0,0,0,0,0,0,0,0,0,0,0,0,0
"Murugappa Group (Coromandel, EID Parry, Parry Agro)",India,,Yes,Yes,No,Yes,No,No,278,5.6,0.0,2.1,2.5,1.0,0,0,0,0,0,N/A,N/A,N/A,0.5,0.5,0,0,0,N/A,N/A,0,0.5,0,0,0,0.5,0,0,0,0,0,0,1,0,0,0,0,0,0,0,0,0,0,0,0,0,0,0,0,0
JCB,United Kingdom,,Yes,No,No,No,No,No,279,5.5,0.8,2.1,0.0,2.5,0.5,0,0,0,0.5,N/A,N/A,N/A,0,0,0,0,0.5,N/A,N/A,0,0,N/A,N/A,0,N/A,0,0.5,0,0,0,0,0,0,0.5,0,0,0,0,0,1,0.5,0,0,0,0,0,0,0,N/A
Koch Foods,United States of America,,No,No,Yes,Yes,No,No,279,5.5,0.0,2.0,2.5,1.0,0,0,0,0,0,0,N/A,0,0,0,0,0,0.5,0.5,0.5,0,0,0,0,0,1,0,0,0,0,0,0,0,0,0,0,0,0,0,0,1,0,0,0,0,0,0,0,0,0
ZEN-NOH,Japan,,Yes,Yes,Yes,Yes,No,No,279,5.5,0.8,2.0,1.3,1.3,0.5,0,0,0,0,0,N/A,0,0,0.5,0,0.5,0.5,0,0,0,0,0,0,0,0.5,0,0,0,0,0,0,0,0,0,0,0,0,0,0,0.5,0,0,0,0,0,0,0,1,0
Terrena,France,,No,Yes,Yes,Yes,No,No,282,5.1,0.8,3.0,1.3,0.0,0.5,0,0,0,0,N/A,N/A,0.5,0.5,0.5,0,0,0,0.5,0,0,0,0,0,0,0.5,0,0,0,0,0,0,0,0,0,0,0,0,0,0,0,0,0,0,0,0,0,0,0,0
Toennies,Germany,,No,Yes,Yes,Yes,No,No,283,5.0,1.7,2.0,1.3,0.0,1,0,0,0.5,0,0,N/A,0,0,0,0,0,0,0.5,0.5,0,0,0,0,0,0.5,0,0,0,0,0,0,0,0,0,0,0,0,0,0,0,0,0,0,0,0,0,0,0,0
Perfetti van Melle,Italy,,No,No,No,Yes,No,No,284,4.9,0.0,0.0,0.0,4.9,0,0,0,0,0,0,N/A,0,0,0,0,0,0,0,0,0,0,0,0,0,0,0,0,0,0,0,0,1,1,0.5,0,0,0,0,0,1,0,0.5,0.5,0.5,0,0,0,0,0
AGP,United States of America,,No,Yes,No,No,No,No,285,4.7,0.0,0.0,3.8,0.9,0,0,0,0,0,N/A,N/A,N/A,0,0,0,0,0,N/A,N/A,0,0,N/A,N/A,0,1,0,0,0,0,0,0,0,0,0.5,0,0,0,0,0,0,0,0,0,0,0,0,0,0.5,0
Amul,India,,No,No,Yes,Yes,No,No,286,4.6,0.0,0.0,3.8,0.8,0,0,0,0,0,0,N/A,0,0,0,0,0,0,0,0,0,0,0,0,0,1.5,0,0,0,0,0,0,0,0,0,0,0,0,0,0,0,0,0,0,0,0,0,0,1,0
Reliance Retail,India,,No,No,No,Yes,Yes,No,287,4.5,0.0,0.0,0.0,4.5,0,0,0,0,0,0,0,0,0,0,0,0,0,0,0,0,0,0,0,0,0,1,0,0,0,0,0,1,0,0.5,0,0,0,0,0.5,1,0,0.5,0,0,0,0,0,0,0
Yanmar,Japan,,Yes,No,No,No,No,No,288,4.4,0.8,1.1,2.5,0.0,0.5,0,0,0.5,0,N/A,N/A,N/A,0,0,0,0,0,N/A,N/A,0,0,N/A,N/A,0.5,N/A,0,0,0,0,0,0,0,0,0,0,0,0,0,0,0,0,0,0,0,0,0,0,0,N/A
Bajaj Hindusthan Sugar,India,INE306A01021,No,Yes,No,No,No,No,289,4.1,0.0,2.1,0.0,2.0,0,0,0,0,0,N/A,N/A,N/A,0.5,0.5,0,0,0,N/A,N/A,0,0,N/A,N/A,0,0,0,0.5,0,0,0,0,1,0,0,0,0,0,0,0,0,0,0.5,0,0,0,0,0,0,0
Blue Diamond Growers,United States of America,,No,Yes,No,Yes,No,No,289,4.1,0.0,1.9,1.3,1.0,0,0,0,0.5,0,0,N/A,N/A,0,0.5,0,0,0,N/A,N/A,0,0,0,0,0,0.5,0,0,0,0,0,0,0,0,0,0,0,0,0,0,0.5,0,0,0.5,0,0,0,0,0,0
Grupo Lala,Mexico,MX01LA040003,No,No,Yes,Yes,No,No,289,4.1,1.7,0.7,1.3,0.5,0.5,0.5,0,0,0,0,N/A,0,0,0,0,0,0.5,0,0,0,0,0,0,0,0.5,0,0,0,0,0,0,0,0,0,0,0,0,0,0,0.5,0,0,0,0,0,0,0,0,0
Pacific Seafood Group,United States of America,,No,No,Yes,No,No,No,292,3.8,0.8,1.3,1.3,0.5,0.5,0,0,0,0,0,0.5,0,0,0,0,0.5,0,0,0,0,0,0,0,0,0.5,0,0,0,0,0,0,0,0,0,0,0,0,0,0,0,0,0.5,0,0,0,0,0,0,0
E-Mart,South Korea,KR7139480008,No,No,No,Yes,Yes,No,293,3.5,1.7,0.6,1.3,0.0,0.5,0.5,0,0,0,0,0,0,0,0,0,0,0.5,0,0,0,0,0,0,0,0.5,0,0,0,0,0,0,0,0,0,0,0,0,0,0,0,0,0,0,0,0,0,0,0,0
Groupe Bigard,France,,No,No,Yes,Yes,No,No,294,3.3,0.0,2.0,1.3,0.0,0,0,0,0,0,0,N/A,0,0,0,0,0.5,0.5,0.5,0,0,0,0,0,0,0.5,0,0,0,0,0,0,0,0,0,0,0,0,0,0,0,0,0,0,0,0,0,0,0,0
"Wadia Group (Bombay Burmah, Britannia Industries)",India,,No,Yes,No,Yes,No,No,294,3.3,0.0,0.0,1.3,2.0,0,0,0,0,0,0,N/A,0,0,0,0,0,0,0,0,0,0,0,0,0,0.5,0,0,0,0,0,0,1,0,0.5,0,0,0,0,0,0,0.5,0,0,0,0,0,0,0,0
Edeka Zentrale,Germany,DE000A0EAL21,No,No,No,Yes,Yes,No,296,2.9,0.0,2.5,0.0,0.4,0,0,0,0,0,0,0,0.5,0.5,0.5,0,0.5,0,0,0,0,0,0,0,0,0,0,0,0,0,0,0,0,0,0,0,0,0,0,0,0,0,0,0,0,0,0,0,0.5,0
Mueller,Germany,,No,Yes,No,Yes,No,No,297,2.6,0.0,1.4,1.3,0.0,0,0,0,0,0,0,N/A,0,0,0,0,0,1,0,0,0,0,0,0,0,0.5,0,0,0,0,0,0,0,0,0,0,0,0,0,0,0,0,0,0,0,0,0,0,0,0
Reyes Holdings,United States of America,,No,No,No,No,Yes,No,297,2.6,0.0,2.1,0.0,0.5,0,0,0,0.5,0,N/A,N/A,N/A,0,0,0,0,0.5,N/A,N/A,0,0,0,0,0,0,0,0,0,0,0,0,0,0,0,0,0,0,0,0,0.5,0,0,0,0,0,0,0,0,0
SDF Group,Italy,,Yes,No,No,No,No,No,297,2.6,0.0,2.1,0.0,0.5,0,0,0,0,0,N/A,N/A,N/A,0.5,0.5,0,0,0,N/A,N/A,0,0,N/A,N/A,0,N/A,0,0,0,0,0,0,0,0,0.5,0,0,0,0,0,0,0,0,0,0,0,0,0,0,N/A
Zensho Holdings,Japan,JP3429300001,No,No,No,No,No,Yes,297,2.6,0.0,0.0,1.3,1.3,0,0,0,0,0,0,0,0,0,0,0,0,0,0,0,0,0,0,0,0,0.5,0,0,0,0,0,0,0,0,0,0,0,0,0,0,0.5,0,0,0,0,0,0,0,1,0
AGD Group,Argentina,,No,Yes,No,Yes,No,No,301,2.5,0.0,0.0,0.0,2.5,0,0,0,0,0,0,N/A,0,0,0,0,0,0,0,0,0,0,0,0,0,0,0,0,0,0,0,0,1,1,0,0,0,0,0,0,0,0,0.5,0,0,0,0,0,0,0
Food Corporation of India (FCI),India,,No,Yes,No,No,No,No,302,2.0,0.0,0.0,0.0,2.0,0,0,0,0,0,0,0,0,0,0,0,0,0,0,0,0,0,0,0,0,0,0,0,0,0,0,0,0,1,0,0,0,0,0,0,0,0.5,0.5,0,0,0,0,0,0,0
Molinos,Argentina,ARP689251337,No,No,No,Yes,No,No,302,2.0,0.0,0.0,0.0,2.0,0,0,0,0,0,0,N/A,0,0,0,0,0,0,0,0,0,0,0,0,0,0,0,0,0,0,0,0,1,1,0,0,0,0,0,0,0,0,0,0,0,0,0,0,0,0
Sodiaal,France,,No,No,Yes,Yes,No,No,304,1.9,0.0,0.0,0.0,1.9,0,0,0,0,0,0,N/A,0,0,0,0,0,0,0,0,0,0,0,0,0,0,0,0,0,0,0,0,0,0,0.5,0,0,0,0,0,0,0,0.5,0.5,0,0,0,0,0.5,0
Alicorp,Peru,PEP214001005,No,No,Yes,Yes,No,No,305,1.7,1.7,0.0,0.0,0.0,0.5,0.5,0,0,0,0,0,0,0,0,0,0,0,0,0,0,0,0,0,0,0,0,0,0,0,0,0,0,0,0,0,0,0,0,0,0,0,0,0,0,0,0,0,0,0
Aurora Alimentos,Brazil,,No,No,Yes,Yes,No,No,305,1.7,0.0,0.0,1.3,0.4,0,0,0,0,0,0,N/A,0,0,0,0,0,0,0,0,0,0,0,0,0,0.5,0,0,0,0,0,0,0,0,0,0,0,0,0,0,0,0,0,0,0,0,0,0,0.5,0
BetAgro,Thailand,,No,Yes,Yes,No,No,No,307,1.4,0.0,1.4,0.0,0.0,0,0,0,0,0,0,N/A,0,0,0,0,0.5,0,0.5,0,0,0,0,0,0,0,0,0,0,0,0,0,0,0,0,0,0,0,0,0,0,0,0,0,0,0,0,0,0,0
Yamazaki Baking,Japan,JP3935600001,No,No,No,Yes,No,No,307,1.4,0.0,1.4,0.0,0.0,0,0,0,0,0,0,N/A,0,0,0,0,0.5,0.5,0,0,0,0,0,0,0,0,0,0,0,0,0,0,0,0,0,0,0,0,0,0,0,0,0,0,0,0,0,0,0,0
Allana Group,India,,No,Yes,No,Yes,No,No,309,1.3,0.0,0.0,1.3,0.0,0,0,0,0,0,0,0,0,0,0,0,0,0,0,0,0,0,0,0,0,0.5,0,0,0,0,0,0,0,0,0,0,0,0,0,0,0,0,0,0,0,0,0,0,0,0
Itoham Yonekyu,Japan,JP3144500000,No,No,Yes,Yes,No,No,309,1.3,0.0,1.3,0.0,0.0,0,0,0,0,0,0,0,0,0,0,0,0.5,0.5,0,0,0,0,0,0,0,0,0,0,0,0,0,0,0,0,0,0,0,0,0,0,0,0,0,0,0,0,0,0,0,0
EW Group,Germany,,No,No,Yes,No,No,No,311,1.0,0.0,0.0,0.0,1.0,0,0,0,0,0,0,N/A,0,0,0,0,0,0,0,0,0,0,N/A,N/A,0,0,0,0,0,0,0,0,0,0,0,0,0,0,0,0,1,0,0,0,0,0,0,0,0,0
Organizacion Soriana,Mexico,MXP8728U1671,No,No,No,Yes,Yes,No,311,1.0,0.0,0.0,0.0,1.0,0,0,0,0,0,0,0,0,0,0,0,0,0,0,0,0,0,0,0,0,0,0,0,0,0,0,0,0,0,0,0,0,0,0,0,1,0,0,0,0,0,0,0,0,0
Cooke,Canada,,No,No,Yes,Yes,No,No,313,0.8,0.0,0.8,0.0,0.0,0,0,0,0,0,0,0.5,0,N/A,N/A,0,0,0,0,0,0,0,N/A,0,0,0,0,0,0,0,0,0,0,0,0,0,0,0,0,0,0,0,0,0,0,0,0,0,0,N/A
Suguna Foods,India,,No,No,Yes,Yes,No,No,313,0.8,0.0,0.0,0.0,0.8,0,0,0,0,0,0,N/A,0,0,0,0,0,0,0,0,0,0,0,0,0,0,0,0,0,0,0,0,0,0,0,0,0,0,0,0,0,0,0,0,0,0,0,0,1,0
Lactalis,France,,No,No,No,Yes,No,No,315,0.7,0.0,0.7,0.0,0.0,0,0,0,0,0,0.5,N/A,0,0,0,0,0,0,0,0,0,0,0,0,0,0,0,0,0,0,0,0,0,0,0,0,0,0,0,0,0,0,0,0,0,0,0,0,0,0
Lovol,China,,Yes,No,No,No,No,No,316,0.5,0.0,0.0,0.0,0.5,0,0,0,0,0,N/A,N/A,N/A,0,0,0,0,0,N/A,N/A,0,0,N/A,N/A,0,N/A,0,0,0,0,0,0,0,0,0,0,0,0,0,0,0.5,0,0,0,0,0,0,0,0,N/A
Southern States Cooperative,United States of America,,Yes,No,No,No,No,No,316,0.5,0.0,0.0,0.0,0.5,0,0,0,0,0,0,0,0,0,0,0,0,0,0,0,0,0,0,0,0,0,0,0,0,0,0,0,0,0,0,0,0,0,0,0,0.5,0,0,0,0,0,0,0,0,0
Harim Holdings,South Korea,KR7003380003,No,Yes,Yes,Yes,No,No,318,0.4,0.0,0.0,0.0,0.4,0,0,0,0,0,0,N/A,0,0,0,0,0,0,0,0,0,0,0,0,0,0,0,0,0,0,0,0,0,0,0,0,0,0,0,0,0,0,0,0,0,0,0,0,0.5,0
Arca Continental,Mexico,MX01AC100006,No,No,No,Yes,No,No,319,0.0,0.0,0.0,0.0,0.0,0,0,0,0,0,0,N/A,N/A,0,0,0,0,0,N/A,N/A,0,0,0,0,0,0,0,0,0,0,0,0,0,0,0,0,0,0,0,0,0,0,0,0,0,0,0,0,0,0
Beidahuang Group,China,CNE0000019Z9,No,No,Yes,Yes,No,No,319,0.0,0.0,0.0,0.0,0.0,0,0,0,0,0,0,N/A,0,0,0,0,0,0,0,0,0,0,0,0,0,0,0,0,0,0,0,0,0,0,0,0,0,0,0,0,0,0,0,0,0,0,0,0,0,0
Bloomin' Brands,United States of America,US0942351083,No,No,No,No,No,Yes,319,0.0,0.0,0.0,0.0,0.0,0,0,0,0,0,0,0,0,0,0,0,0,0,0,0,0,0,0,0,0,0,0,0,0,0,0,0,0,0,0,0,0,0,0,0,0,0,0,0,0,0,0,0,0,0
Bright Food Group,China,,No,No,Yes,Yes,No,No,319,0.0,0.0,0.0,0.0,0.0,0,0,0,0,0,0,0,0,0,0,0,0,0,0,0,0,0,0,0,0,0,0,0,0,0,0,0,0,0,0,0,0,0,0,0,0,0,0,0,0,0,0,0,0,0
C&S Wholesale Grocers,United States of America,,No,No,No,Yes,Yes,No,319,0.0,0.0,0.0,0.0,0.0,0,0,0,0,0,0,0,0,0,0,0,0,0,0,0,0,0,0,0,0,0,0,0,0,0,0,0,0,0,0,0,0,0,0,0,0,0,0,0,0,0,0,0,0,0
Carozzi,Chile,CL0000007949,No,No,No,Yes,No,No,319,0.0,0.0,0.0,0.0,0.0,0,0,0,0,0,0,0,0,0,0,0,0,0,0,0,0,0,0,0,0,0,0,0,0,0,0,0,0,0,0,0,0,0,0,0,0,0,0,0,0,0,0,0,0,0
Citrosuco,Brazil,,No,Yes,No,Yes,No,No,319,0.0,0.0,0.0,0.0,0.0,0,0,0,0,0,N/A,N/A,N/A,0,0,0,0,0,N/A,N/A,0,0,0,0,0,0,0,0,0,0,0,0,0,0,0,0,0,0,0,0,0,0,0,0,0,0,0,0,0,0
Coamo Agroindustrial Cooperativa,Brazil,,No,Yes,No,No,No,No,319,0.0,0.0,0.0,0.0,0.0,0,0,0,0,0,0,N/A,N/A,0,0,0,0,0,N/A,N/A,0,0,N/A,N/A,0,0,0,0,0,0,0,0,0,0,0,0,0,0,0,0,0,0,0,0,0,0,0,0,0,0
Conad,Italy,,No,No,No,Yes,Yes,No,319,0.0,0.0,0.0,0.0,0.0,0,0,0,0,0,0,0,0,0,0,0,0,0,0,0,0,0,0,0,0,0,0,0,0,0,0,0,0,0,0,0,0,0,0,0,0,0,0,0,0,0,0,0,0,0
Cutrale (Chiquita),Brazil,,No,Yes,No,No,No,No,319,0.0,0.0,0.0,0.0,0.0,0,0,0,0,0,0,N/A,N/A,0,0,0,0,0,N/A,N/A,0,0,0,0,0,0,0,0,0,0,0,0,0,0,0,0,0,0,0,0,0,0,0,0,0,0,0,0,0,0
Dangote Industries,Nigeria,,No,Yes,No,No,No,No,319,0.0,0.0,0.0,0.0,0.0,0,0,0,0,0,N/A,N/A,N/A,0,0,0,0,0,N/A,N/A,0,0,N/A,N/A,0,0,0,0,0,0,0,0,0,0,0,0,0,0,0,0,0,0,0,0,0,0,0,0,0,0
E.Leclerc,France,,No,No,No,Yes,Yes,No,319,0.0,0.0,0.0,0.0,0.0,0,0,0,0,0,0,0,0,0,0,0,0,0,0,0,0,0,0,0,0,0,0,0,0,0,0,0,0,0,0,0,0,0,0,0,0,0,0,0,0,0,0,0,0,0
Fujian Sunner Development Corporation,China,CNE100000G78,No,No,Yes,Yes,No,No,319,0.0,0.0,0.0,0.0,0.0,0,0,0,0,0,0,N/A,0,0,0,0,0,0,0,0,0,0,0,0,0,0,0,0,0,0,0,0,0,0,0,0,0,0,0,0,0,0,0,0,0,0,0,0,0,0
Groupe Pomona,France,,No,Yes,No,Yes,No,No,319,0.0,0.0,0.0,0.0,0.0,0,0,0,0,0,0,0,0,0,0,0,0,0,0,0,0,0,0,0,0,0,0,0,0,0,0,0,0,0,0,0,0,0,0,0,0,0,0,0,0,0,0,0,0,0
Guangdong Haid Group,China,CNE100000HP8,No,Yes,No,No,No,No,319,0.0,0.0,0.0,0.0,0.0,0,0,0,0,0,0,0,0,0,0,0,0,0,0,0,0,0,0,0,0,0,0,0,0,0,0,0,0,0,0,0,0,0,0,0,0,0,0,0,0,0,0,0,0,0
Intercorp (InRetail),Peru,PAL1801171A1,No,No,No,Yes,Yes,No,319,0.0,0.0,0.0,0.0,0.0,0,0,0,0,0,0,0,0,0,0,0,0,0,0,0,0,0,0,0,0,0,0,0,0,0,0,0,0,0,0,0,0,0,0,0,0,0,0,0,0,0,0,0,0,0
J.D. Heiskell & Company,United States of America,,No,Yes,No,No,No,No,319,0.0,0.0,0.0,0.0,0.0,0,0,0,0,0,0,0,0,0,0,0,0,0,0,0,0,0,0,0,0,0,0,0,0,0,0,0,0,0,0,0,0,0,0,0,0,0,0,0,0,0,0,0,0,0
Juan Garcia Lax,Germany,,No,Yes,No,No,No,No,319,0.0,0.0,0.0,0.0,0.0,0,0,0,0,0,0,0,0,0,0,0,0,0,0,0,0,0,0,0,0,0,0,0,0,0,0,0,0,0,0,0,0,0,0,0,0,0,0,0,0,0,0,0,0,0
Kweichow Moutai,China,CNE0000018R8,No,No,No,Yes,No,No,319,0.0,0.0,0.0,0.0,0.0,0,0,0,0,0,0,0,0,0,0,0,0,0,0,0,0,0,0,0,0,0,0,0,0,0,0,0,0,0,0,0,0,0,0,0,0,0,0,0,0,0,0,0,0,0
Lingyunhai Sugar Group,China,,No,Yes,No,No,No,No,319,0.0,0.0,0.0,0.0,0.0,0,0,0,0,0,N/A,N/A,N/A,0,0,0,0,0,N/A,N/A,0,0,N/A,N/A,0,0,0,0,0,0,0,0,0,0,0,0,0,0,0,0,0,0,0,0,0,0,0,0,0,0
National Agricultural Cooperative Federation (NongHyup Agribusiness Group),South Korea,,Yes,Yes,No,Yes,No,No,319,0.0,0.0,0.0,0.0,0.0,0,0,0,0,0,0,0,0,0,0,0,0,0,0,0,0,0,0,0,0,0,0,0,0,0,0,0,0,0,0,0,0,0,0,0,0,0,0,0,0,0,0,0,0,0
Oetker,Germany,,No,No,No,Yes,No,No,319,0.0,0.0,0.0,0.0,0.0,0,0,0,0,0,0,0,0,0,0,0,0,0,0,0,0,0,0,0,0,0,0,0,0,0,0,0,0,0,0,0,0,0,0,0,0,0,0,0,0,0,0,0,0,0
OUG Holdings,Japan,JP3180000006,No,No,Yes,Yes,No,No,319,0.0,0.0,0.0,0.0,0.0,0,0,0,0,0,0,0,0,0,0,0,0,0,0,0,0,0,0,0,0,0,0,0,0,0,0,0,0,0,0,0,0,0,0,0,0,0,0,0,0,0,0,0,0,N/A
People's Food Holdings,China,BMG7000R1088,No,No,Yes,Yes,No,No,319,0.0,0.0,0.0,0.0,0.0,0,0,0,0,0,0,N/A,0,0,0,0,0,0,0,0,0,0,0,0,0,0,0,0,0,0,0,0,0,0,0,0,0,0,0,0,0,0,0,0,0,0,0,0,0,0
Red Chamber Group,United States of America,,No,No,Yes,Yes,No,No,319,0.0,0.0,0.0,0.0,0.0,0,0,0,0,0,0,0,0,0,0,0,0,0,0,0,0,0,0,0,0,0,0,0,0,0,0,0,0,0,0,0,0,0,0,0,0,0,0,0,0,0,0,0,0,0
Shandong Bohi,China,CNE000001J19,No,Yes,No,Yes,No,No,319,0.0,0.0,0.0,0.0,0.0,0,0,0,0,0,0,N/A,N/A,0,0,0,0,0,N/A,N/A,0,0,N/A,N/A,0,0,0,0,0,0,0,0,0,0,0,0,0,0,0,0,0,0,0,0,0,0,0,0,0,0
Tokyo Seika,Japan,,No,Yes,No,No,No,No,319,0.0,0.0,0.0,0.0,0.0,0,0,0,0,0,0,0,0,0,0,0,0,0,0,0,0,0,0,0,0,0,0,0,0,0,0,0,0,0,0,0,0,0,0,0,0,0,0,0,0,0,0,0,0,0
Tongwei,China,,No,Yes,Yes,Yes,No,No,319,0.0,0.0,0.0,0.0,0.0,0,0,0,0,0,0,0,0,0,0,0,0,0,0,0,0,0,0,0,0,0,0,0,0,0,0,0,0,0,0,0,0,0,0,0,0,0,0,0,0,0,0,0,0,0
US Foods Holding,United States of America,US9120081099,No,No,No,No,No,Yes,319,0.0,0.0,0.0,0.0,0.0,0,0,0,0,0,0,0,0,0,0,0,0,0,0,0,0,0,0,0,0,0,0,0,0,0,0,0,0,0,0,0,0,0,0,0,0,0,0,0,0,0,0,0,0,0
Wengfu Group,China,,Yes,No,No,No,No,No,319,0.0,0.0,0.0,0.0,0.0,0,0,0,0,0,0,N/A,0,0,0,0,N/A,0,0,0,0,0,0,0,0,N/A,0,0,0,0,0,0,0,0,0,0,0,0,0,0,0,0,0,0,0,0,0,0,0,0
Wen's Foodstuff,China,CNE100002508,No,No,Yes,Yes,No,No,319,0.0,0.0,0.0,0.0,0.0,0,0,0,0,0,0,N/A,0,0,0,0,0,0,0,0,0,0,0,0,0,0,0,0,0,0,0,0,0,0,0,0,0,0,0,0,0,0,0,0,0,0,0,0,0,0
Wuliangye Yibin,China,CNE000000VQ8,No,No,No,Yes,No,No,319,0.0,0.0,0.0,0.0,0.0,0,0,0,0,0,N/A,N/A,N/A,0,0,0,0,0,N/A,N/A,0,N/A,0,0,0,0,0,0,0,0,0,0,0,0,0,0,0,0,0,0,0,0,0,0,0,0,0,0,0,0
